"client_id";"birth_number";"district_id";"sex"
1;701213;18;F
2;450204;1;M
3;401009;1;F
4;561201;5;M
5;600703;5;F
6;190922;12;M
7;290125;15;M
8;380221;51;F
9;351016;60;M
10;430501;57;M
11;500822;57;F
12;810220;40;M
13;740529;54;F
14;420622;76;F
15;180828;21;F
16;190225;21;M
17;341013;76;M
18;310405;76;F
19;421228;47;M
20;790104;46;M
21;521029;12;F
22;691011;1;F
23;730529;1;M
24;390729;43;F
25;390423;21;F
26;690420;74;F
27;660326;54;F
28;450929;1;M
29;510911;30;F
30;571009;74;F
31;620209;68;M
32;800728;52;M
33;481204;73;F
36;780717;7;F
37;700810;7;M
38;730723;36;F
39;680125;68;M
40;570122;5;F
41;680827;22;M
42;350817;68;M
43;201028;75;M
44;770111;38;F
45;520826;20;M
46;400130;19;F
47;340714;76;M
48;400209;16;M
49;590511;72;F
50;780730;39;F
51;791202;36;F
52;241212;32;M
53;770505;64;M
55;480918;45;F
56;600331;21;M
57;611217;21;F
58;270429;1;F
59;570218;1;M
60;800219;67;M
61;480806;16;F
62;321208;77;M
63;590604;4;M
64;260422;20;M
65;430527;50;F
66;511110;1;F
67;321111;29;F
68;461214;43;M
70;251222;70;M
71;270206;70;F
72;230113;47;M
73;240220;22;M
74;250726;22;F
75;770919;64;F
76;671001;36;F
77;560218;1;F
78;440613;16;F
79;690310;37;F
80;790225;64;F
81;760429;8;M
82;791225;8;F
83;781225;1;F
84;790505;1;M
85;610827;1;M
86;690720;1;F
87;461117;72;F
89;510505;1;F
90;750817;52;M
91;400807;63;M
92;660612;74;F
93;250216;3;M
94;470909;43;M
95;520803;43;F
96;720229;74;M
97;651128;26;M
98;730504;33;F
99;730126;33;M
100;420811;44;F
101;430123;68;M
102;580910;74;F
103;550711;74;M
105;800526;31;M
106;681230;68;F
107;720623;1;M
108;630913;17;M
110;670413;2;F
112;350125;1;M
113;400815;1;F
114;690624;74;F
115;691224;74;M
116;420128;74;M
117;360920;74;F
118;220719;55;M
119;220228;55;F
120;760510;1;M
121;781029;41;F
122;631113;35;F
123;690212;11;M
124;670921;44;M
125;361031;37;M
126;290927;37;F
127;501227;21;F
128;730404;63;F
129;470531;64;F
130;420214;53;M
131;770131;53;F
132;530126;36;M
134;320118;6;M
135;380910;6;F
136;210126;55;F
137;230914;60;M
138;721021;54;F
139;590725;8;F
140;610606;8;M
141;251102;31;M
142;370621;68;M
143;780709;27;M
144;581206;65;M
145;780214;55;M
146;611219;31;F
147;331102;21;F
148;401225;21;M
149;480627;55;M
150;800927;2;F
151;710923;51;F
152;451202;29;F
153;810212;13;F
154;330827;74;M
155;390313;74;F
156;300722;54;F
157;430709;52;F
158;450703;40;F
159;380910;40;M
160;420426;64;F
161;431007;34;F
162;411017;65;M
163;330612;74;M
164;620404;70;F
165;681108;22;M
166;611022;22;F
167;780418;38;F
168;761105;24;F
169;530912;38;M
170;460616;38;F
171;290625;51;M
172;351005;51;F
173;181208;21;F
174;781110;10;M
175;600713;31;M
176;290311;4;M
178;601222;8;M
179;801229;43;M
180;820119;73;M
181;670706;76;M
182;590713;76;F
183;780319;1;F
184;720605;1;M
185;540530;77;M
186;610222;46;F
187;420823;58;M
188;600902;64;M
189;190810;11;M
190;471031;37;F
191;540903;37;M
192;710228;70;M
193;620501;1;M
194;241220;28;F
195;191118;74;M
196;270625;74;F
197;330425;30;M
198;760714;60;M
199;230621;29;M
200;280113;29;F
201;300819;17;F
202;761121;29;F
203;620610;31;M
204;670617;31;F
205;420615;4;F
206;630413;59;F
207;320520;46;M
208;400625;13;F
209;350820;13;M
210;391130;66;M
211;450628;66;F
212;750210;52;M
215;670924;71;M
216;600130;1;M
217;741222;59;F
218;800123;1;F
219;640402;60;F
221;770225;21;F
222;720629;47;F
223;520227;43;F
224;550511;77;M
225;360510;32;M
226;420616;1;M
227;261218;52;F
228;560316;48;F
229;690722;76;M
230;670310;74;F
231;410218;41;M
232;210617;55;F
233;581203;69;F
234;550621;69;M
235;430828;44;F
236;610901;70;M
237;690222;70;F
238;611128;6;F
239;740910;1;F
240;290617;34;F
241;590123;70;M
242;610801;17;F
243;540210;63;M
246;701228;67;F
247;570508;1;M
248;691212;61;F
249;700505;61;M
250;791125;8;F
251;760303;54;F
252;690901;37;F
253;470512;48;F
254;630530;28;M
255;511011;27;F
256;630227;73;F
257;421104;22;F
258;370531;22;M
259;660608;31;M
260;620224;31;F
261;371207;38;F
262;451125;77;M
263;620520;68;M
264;780822;28;M
265;330107;72;F
266;670828;19;F
267;670612;37;M
268;820502;39;F
269;231203;15;F
270;470308;46;M
271;450727;46;F
272;441025;70;F
273;720515;27;F
274;701125;17;F
275;181112;1;F
276;570611;1;M
277;611128;1;F
278;721227;22;F
279;700516;22;M
280;691218;45;F
282;380224;73;F
283;331104;73;M
284;740806;10;M
285;540603;72;M
286;520418;72;F
287;800909;50;M
288;620421;6;M
289;580327;54;M
290;590112;72;M
291;550427;72;F
292;580906;15;F
293;430927;69;M
294;680321;58;M
295;390327;12;M
296;740301;65;M
297;240315;65;F
298;210613;65;M
300;570730;1;F
301;420110;28;M
302;710223;56;M
303;460506;74;M
304;340311;19;F
305;380608;46;M
308;760612;68;F
309;691214;37;F
310;500416;11;M
311;300916;64;F
312;240703;2;M
313;420511;24;F
314;450322;24;M
315;670501;54;M
316;550428;75;M
317;571006;64;F
318;430402;15;F
319;290404;19;F
320;341112;19;M
321;431024;47;F
322;330201;38;M
323;380404;38;F
324;601203;3;M
325;600221;3;M
326;670918;27;F
327;681013;27;M
328;180124;1;F
329;641203;11;M
330;440805;65;F
331;420302;1;M
332;780725;29;M
333;711019;38;M
334;691031;32;M
335;670722;73;F
336;640211;39;F
337;570508;39;M
338;510619;8;F
339;660730;1;M
340;700819;1;F
341;770316;69;M
342;720630;69;F
343;191119;44;M
344;630716;54;F
345;531207;17;M
346;601102;17;F
347;591213;71;M
348;530124;71;F
349;270527;39;F
350;250402;25;F
351;730501;1;M
352;400827;56;M
353;651026;7;M
354;220427;49;F
355;300531;49;M
356;791207;1;F
357;790330;1;M
358;590626;7;F
359;700216;66;M
360;430427;49;M
361;770525;74;F
362;500427;35;F
363;420701;35;M
364;421205;54;F
365;300109;1;M
366;361110;1;F
367;630903;60;F
368;681014;60;M
369;301106;7;F
370;560105;71;F
371;420716;4;M
372;320403;34;M
373;360228;16;M
374;670614;26;M
375;690929;61;F
376;730108;14;F
378;780515;50;M
379;831013;50;F
380;730119;41;M
381;770126;73;F
382;780630;73;M
383;390517;15;F
384;351008;15;M
385;480324;45;M
386;800821;62;M
387;270606;76;M
388;501030;36;F
389;740630;47;F
390;770127;47;F
391;330522;47;F
392;500401;74;F
393;560831;74;M
394;240518;52;F
395;190705;52;M
396;200502;1;M
397;300327;75;M
398;250326;61;F
399;520414;45;M
400;331227;1;M
401;281119;1;F
402;431225;3;M
403;730526;42;F
404;670420;42;M
405;341019;65;F
406;770515;36;M
407;750527;73;F
408;780222;35;F
409;250618;74;M
410;621220;62;M
411;410414;17;F
412;440417;17;M
413;721118;49;F
414;471019;46;F
415;450401;46;M
416;321007;1;F
417;300610;1;M
418;661013;28;M
419;701007;64;F
420;780313;18;M
421;650731;54;M
422;461207;69;M
423;570623;37;M
424;471008;1;M
425;480212;25;M
426;370601;72;M
427;410914;72;F
428;191116;47;F
429;810120;50;F
430;200728;39;M
431;271001;24;F
432;520326;59;F
433;550207;62;M
434;430130;70;F
435;671023;20;M
436;550615;2;M
437;200117;11;F
438;380928;32;M
439;680912;51;F
440;700707;15;F
441;590914;1;M
442;711216;1;F
443;711220;1;M
444;600801;74;F
445;470427;1;F
446;520319;1;M
447;460904;23;M
448;700815;77;F
450;531127;25;M
451;790414;12;M
452;531022;55;F
453;690716;67;M
454;490615;38;F
455;200726;68;M
456;400228;25;M
457;500926;70;M
458;610724;68;M
459;670723;32;F
461;700813;68;F
462;701221;14;M
463;440405;38;M
464;590730;24;F
465;520901;5;M
466;471119;1;F
467;500417;1;M
468;590427;72;M
469;701013;59;F
470;540421;30;F
471;770111;44;M
472;811227;36;M
473;390925;1;F
474;490531;46;M
476;470601;1;F
477;540720;1;M
478;780621;21;M
479;470820;11;M
480;460124;11;F
481;270122;69;M
482;340122;69;F
483;440619;1;M
484;590913;28;F
485;780516;32;M
486;440412;68;M
487;220401;1;F
488;170802;1;M
489;401007;41;M
490;501023;55;M
491;660805;63;M
492;351026;72;M
493;420604;41;F
494;800519;1;M
495;370407;49;F
496;510521;70;F
497;530202;74;M
498;480115;74;F
499;350708;18;F
500;710106;1;M
501;371028;62;M
502;191208;6;M
503;590724;73;M
504;790801;36;M
505;771221;13;M
506;460816;75;M
507;541116;75;M
508;710428;53;M
509;800502;73;M
510;760415;12;M
511;590218;9;M
512;650803;60;F
513;740111;8;F
514;681115;8;M
515;320526;1;M
516;300427;1;F
517;650725;63;M
518;790428;54;F
519;800413;18;M
520;470927;46;F
521;751225;69;M
522;560304;1;F
523;221217;38;M
524;630102;30;F
525;690814;30;M
526;640201;43;M
527;660818;43;F
528;770211;37;M
529;781105;69;M
530;570927;29;F
531;761004;27;M
532;800903;27;F
533;410519;54;F
534;570722;74;M
535;370909;26;M
536;390825;47;M
537;350116;1;M
538;480510;5;F
540;210728;19;M
541;270309;19;F
542;210209;59;F
543;580415;11;F
544;481116;63;M
545;731011;75;F
546;530825;7;M
547;490331;54;M
548;371204;49;M
550;611130;7;M
551;760705;47;F
552;340508;1;F
553;410407;1;M
554;250419;30;F
555;261021;30;M
556;460708;29;M
557;390717;51;M
558;200705;43;F
559;720905;32;F
560;671216;71;F
561;621110;74;F
562;750922;49;F
563;610909;72;F
564;550124;72;M
565;590703;64;F
566;460305;47;F
567;500502;47;M
568;600719;8;F
569;620615;73;M
570;410131;61;F
571;240927;3;M
572;200804;3;F
573;670810;69;M
574;721225;1;M
575;700404;58;M
576;740512;58;F
577;631205;1;F
578;770707;23;F
579;330531;72;F
581;490204;70;F
582;500926;1;M
583;650101;75;F
584;760513;33;F
585;420221;40;F
586;471103;40;M
587;450708;25;F
588;601020;61;F
589;610917;45;M
590;490215;44;M
591;741029;65;F
592;650718;26;M
593;540710;60;F
596;481024;69;M
597;430222;55;M
598;701231;1;M
599;770518;1;F
601;660312;56;M
602;650116;56;F
603;660309;13;F
604;650731;1;F
605;700827;1;F
606;490125;10;F
607;640330;64;M
608;720831;67;M
609;620902;52;M
610;790810;74;F
611;521013;36;M
612;601110;36;F
613;770810;1;F
614;470203;14;F
615;490913;68;F
616;750101;58;M
617;740314;70;M
618;320316;57;F
619;200907;6;M
620;180213;6;F
621;390317;54;M
622;311123;74;F
623;250904;24;M
624;320726;24;F
625;781124;60;F
626;800413;9;M
627;720411;17;M
628;700527;17;F
629;760310;16;M
630;520303;61;M
631;560322;70;F
632;460316;67;M
633;380612;67;F
635;270629;17;F
636;350217;17;M
637;701215;39;F
638;610203;54;F
639;780802;31;M
640;790415;26;M
641;620704;40;F
642;631025;40;M
643;490613;1;F
644;610423;35;F
645;251221;14;M
646;220929;34;F
647;290406;34;M
648;350928;70;F
649;780502;13;F
651;760127;54;F
652;381208;61;M
653;301121;1;F
654;420517;64;F
655;421210;32;M
656;560606;1;M
657;260710;8;F
658;261221;8;M
659;651207;24;M
660;230322;16;M
661;190115;16;F
662;450807;5;M
663;230120;24;M
664;800319;77;F
665;320405;62;F
666;820523;26;M
667;810720;26;F
668;421225;1;F
669;561219;12;F
670;590121;1;M
671;710227;10;F
672;291109;46;F
673;391029;36;M
674;270111;11;F
675;751112;50;M
676;530207;70;M
677;630524;5;M
678;330528;39;F
679;400319;8;M
680;400509;8;F
681;770115;15;M
682;791021;18;M
683;450829;76;F
684;760410;3;F
685;301213;72;F
686;711003;32;F
687;750128;32;M
688;540504;1;M
689;640802;70;M
690;421107;38;M
691;440113;38;F
692;360111;74;F
693;350317;74;M
694;360228;29;M
695;550627;28;M
696;521201;28;F
697;740501;1;M
698;540227;75;M
699;220422;26;F
700;291120;12;M
702;681107;31;F
703;590426;4;M
704;750501;54;M
705;381210;19;M
706;480805;1;M
707;411214;1;M
708;771127;50;F
709;341229;1;M
710;251128;23;M
711;630816;48;F
712;621204;54;M
713;800329;20;F
714;701008;31;M
715;520115;1;F
716;541204;1;F
717;680502;54;M
718;600228;54;F
719;740809;46;M
720;540906;29;M
721;400215;43;M
722;701125;62;F
723;570726;12;F
724;530202;65;F
725;561211;75;M
726;350213;16;M
727;300720;32;F
728;320120;32;M
729;690317;63;F
730;730814;63;M
731;790122;74;F
732;780705;74;M
733;780728;46;M
734;850114;46;F
735;731126;1;M
736;770426;1;F
737;521104;74;M
738;200326;25;M
739;420416;72;M
740;231107;55;M
741;410709;74;M
742;511015;1;F
743;410217;1;M
744;400718;26;M
745;660214;52;F
746;620416;52;M
747;530820;24;F
748;361015;25;M
749;330729;25;F
750;560929;70;F
751;590309;70;M
752;441220;72;M
753;400924;72;F
754;470604;63;F
755;471121;72;M
756;200513;31;M
757;701220;71;F
758;610726;68;F
759;550520;29;M
760;360825;57;F
762;370420;21;M
763;270824;75;F
764;551013;49;F
765;691231;65;M
766;260703;1;F
767;230616;1;M
768;310923;32;F
769;771215;40;M
772;441210;64;M
773;351030;4;M
774;730303;70;M
775;401130;51;F
776;530503;1;F
777;610520;1;M
778;400604;13;M
779;440612;69;F
780;240226;3;M
781;450920;72;M
782;630318;5;F
783;710325;27;F
784;641228;27;M
785;340909;63;M
786;780906;53;M
787;471208;3;M
788;740903;47;M
789;310921;4;M
790;670509;63;F
791;500929;68;F
793;780204;21;M
794;790716;21;F
796;190830;1;M
797;480127;8;M
798;400212;27;F
799;360219;27;M
803;510215;35;M
804;560123;35;F
806;800422;60;M
807;691021;53;F
808;631128;31;M
809;191015;49;M
810;450924;58;F
811;400528;58;M
812;401206;39;M
813;640129;70;M
814;591001;19;M
815;641027;22;F
816;580201;17;F
818;660427;54;M
819;580708;74;M
820;601106;74;F
821;480512;49;M
822;590508;37;F
823;561024;41;M
824;520905;27;M
825;770402;74;M
826;780123;1;M
827;650904;10;F
828;581210;10;M
829;570519;24;M
830;480827;69;M
831;480502;2;M
832;231223;67;F
833;600611;5;M
834;221217;54;M
835;431020;28;F
836;480614;28;M
837;741014;71;M
838;680204;71;F
839;550518;47;F
840;370426;20;M
841;810210;69;M
842;330703;12;F
843;570903;54;F
844;450114;22;M
845;530130;22;F
846;491201;35;M
847;791225;49;M
849;390606;26;F
850;690921;19;M
851;190616;25;M
852;160604;25;F
853;490602;70;M
854;411102;72;F
855;300128;58;M
856;190122;23;M
857;480221;32;M
858;590329;47;F
859;680729;1;F
860;671208;1;M
861;560913;1;F
862;520105;30;M
863;681129;54;F
864;530327;11;M
865;461103;11;F
866;751124;38;F
870;570506;70;M
871;740311;76;M
872;630222;35;M
873;440105;60;M
874;520905;14;F
875;561207;14;M
876;601125;1;M
877;270121;5;F
878;200417;5;M
879;431208;38;F
880;600217;49;M
881;750222;5;F
882;330909;70;F
883;200106;75;F
884;181014;75;M
885;230208;34;M
886;480202;34;M
887;731128;66;F
888;731026;28;M
889;811024;54;F
890;190330;77;M
891;310131;33;M
892;220524;42;F
893;351023;43;F
894;340818;75;M
895;700703;39;M
896;730424;36;F
897;810325;36;M
898;430427;38;F
899;440213;38;M
900;770410;73;M
901;191221;39;M
902;500815;23;M
903;340306;31;M
904;320208;1;M
905;401023;38;M
906;780616;65;M
907;480311;51;M
908;610307;51;F
909;750907;23;M
910;610927;1;M
911;391128;43;M
912;201029;76;M
913;381118;1;M
914;210119;1;F
915;750503;12;M
916;580629;3;M
917;730916;25;F
918;641223;26;M
921;540213;7;F
922;720816;22;F
923;780822;22;M
924;530712;1;M
925;590813;54;M
926;810122;1;M
927;741026;1;M
928;511010;66;F
929;350423;30;M
930;590825;68;F
931;680607;16;M
932;470927;3;M
933;780311;33;F
934;820819;33;M
935;460517;42;F
936;430730;42;M
937;311114;1;M
938;440807;59;F
939;520803;21;M
940;600811;53;M
941;351005;10;M
942;310902;12;F
943;360926;12;M
944;701218;39;M
945;770110;39;F
946;510806;54;M
948;240422;49;M
949;760727;3;M
950;650412;76;F
951;600917;76;M
952;510501;63;F
953;371017;25;M
954;421020;1;F
955;700128;57;M
956;661021;1;M
957;411223;56;F
958;420504;56;M
959;620912;11;F
960;570413;16;F
961;311004;15;F
962;660219;19;M
963;661217;64;F
964;531021;10;F
965;721201;13;F
966;780902;13;M
967;790620;76;M
968;570217;69;M
970;570329;36;M
971;190101;46;F
972;170506;46;M
973;701006;14;F
974;630624;14;M
975;590712;1;F
976;551119;16;F
977;260510;76;F
978;680609;56;F
979;661118;56;M
980;610930;40;M
981;600628;5;M
984;490703;20;M
985;470113;20;F
986;550516;74;M
987;520520;60;M
988;391001;40;F
989;330815;40;M
990;611224;71;M
991;410627;32;M
992;480521;19;M
993;691031;44;F
994;710427;36;M
995;731030;36;F
996;800626;1;F
997;501111;59;M
998;530628;59;F
999;660901;74;F
1000;611027;74;M
1001;470414;44;M
1002;440308;42;F
1003;371031;31;F
1004;570925;3;M
1006;420628;46;F
1007;380105;46;M
1008;560706;6;M
1009;620427;33;F
1010;550816;33;M
1011;390713;16;M
1012;660213;70;F
1013;730312;70;M
1014;310208;1;M
1015;340313;62;M
1016;400721;62;F
1017;430212;6;F
1018;450228;53;M
1019;461222;14;F
1020;770510;72;F
1021;770805;2;M
1022;400723;31;M
1023;381228;1;M
1024;560329;25;M
1025;640708;15;M
1026;790812;57;M
1027;401104;1;F
1028;341002;1;M
1029;540316;1;F
1030;471011;1;M
1031;681211;2;F
1032;381030;1;F
1033;371014;1;M
1034;741111;52;F
1035;710328;13;F
1036;761206;13;M
1037;651101;1;F
1038;610923;69;F
1039;801011;70;F
1040;600617;1;M
1041;610705;72;M
1042;660925;17;F
1043;631116;17;M
1044;710913;9;F
1045;471224;60;F
1046;750824;1;M
1047;630711;16;F
1048;741003;70;F
1049;421111;1;M
1050;710701;27;F
1051;710826;73;F
1052;640311;56;M
1053;580603;56;F
1054;240820;63;M
1055;190517;4;M
1056;630619;1;M
1057;390221;52;M
1058;750801;9;F
1059;600603;26;M
1060;571217;26;F
1062;750108;16;M
1063;760612;16;F
1064;510203;1;F
1065;571126;2;M
1066;401018;1;M
1067;520514;1;M
1068;261020;13;F
1069;380221;54;F
1070;381202;54;M
1071;250125;43;M
1072;661208;60;F
1073;240410;34;M
1074;280825;34;F
1075;340604;65;F
1076;790511;53;F
1077;200623;46;M
1078;781215;24;F
1079;610715;3;M
1080;501006;54;F
1081;701216;71;M
1082;670223;9;M
1083;371215;48;M
1084;440409;48;F
1085;321219;60;F
1086;730504;74;M
1087;780730;74;F
1088;690823;47;F
1089;391209;1;M
1090;390620;35;F
1091;400627;59;F
1092;620720;41;F
1093;760728;62;F
1094;601004;30;F
1095;540216;30;M
1096;260303;1;F
1097;300902;1;M
1098;480910;60;F
1099;791121;65;F
1100;510704;59;M
1101;460622;74;M
1102;350129;72;M
1103;510818;1;M
1104;550209;1;F
1105;420103;56;M
1106;400225;56;F
1107;610426;60;M
1108;551222;62;F
1109;310901;58;F
1110;280324;10;F
1111;790604;61;M
1112;300725;13;F
1113;760820;11;M
1114;800618;59;M
1115;200824;36;F
1116;730419;69;F
1117;761101;20;F
1118;691103;20;M
1119;800105;54;F
1120;731021;41;F
1121;390302;59;M
1122;210218;20;M
1123;220826;20;F
1124;280412;21;M
1125;340330;9;F
1126;351023;9;M
1127;741112;23;M
1128;300716;7;M
1129;310924;43;M
1130;401126;70;F
1131;471028;55;F
1132;480321;55;M
1133;580915;37;F
1134;591001;37;M
1135;520721;8;M
1136;760918;9;F
1137;770305;1;F
1138;700930;70;F
1139;730922;70;M
1140;460224;18;M
1141;410422;21;F
1142;461119;59;F
1143;460515;59;M
1145;680914;58;F
1146;651114;54;M
1147;300512;3;M
1148;410515;41;M
1149;760925;14;F
1150;450624;74;F
1151;730306;59;M
1152;810312;74;M
1153;801115;70;F
1154;240131;72;M
1155;220710;72;F
1156;331111;1;F
1157;581230;4;F
1158;540821;1;F
1159;440203;64;M
1160;380728;64;F
1161;730525;7;M
1162;750219;26;F
1163;640828;20;M
1164;590914;15;F
1165;421002;15;F
1166;590627;74;M
1167;540317;74;F
1168;780531;19;M
1169;410124;18;F
1170;770428;12;M
1171;740328;46;F
1172;230613;54;F
1173;220602;54;M
1174;700313;29;F
1175;251025;1;M
1176;180831;1;F
1177;390621;77;F
1178;711004;1;F
1179;301005;1;F
1180;441006;21;M
1181;391112;1;M
1182;461016;66;F
1183;421129;54;M
1186;470805;2;F
1187;610906;32;F
1188;680919;32;M
1189;320215;74;F
1190;760412;15;F
1191;770602;15;M
1192;250101;10;F
1193;260129;19;M
1194;390614;17;F
1195;390122;39;F
1196;430416;22;M
1197;661002;6;F
1198;750217;72;F
1199;761024;64;F
1200;311117;47;F
1201;450910;54;M
1202;801011;47;F
1204;741109;77;F
1206;570621;50;M
1207;390917;28;F
1208;750901;70;F
1209;570409;36;F
1210;611012;6;M
1211;780714;1;M
1212;270919;13;F
1213;660428;1;M
1214;401115;61;M
1215;440506;45;M
1216;450612;65;F
1217;370417;59;M
1218;800527;74;M
1219;440731;1;M
1220;531216;40;F
1221;730518;14;F
1222;391130;7;F
1223;550813;14;F
1224;380512;56;M
1225;460821;42;M
1226;510414;33;F
1227;551002;33;M
1228;490828;21;F
1229;710202;19;M
1231;650927;20;F
1232;590413;20;M
1233;421022;68;M
1234;750115;23;M
1235;790712;23;F
1236;670428;26;F
1237;231107;57;M
1238;350901;74;M
1239;760909;11;F
1240;760824;32;F
1241;421217;73;F
1242;440821;73;F
1243;741005;11;F
1244;640502;1;M
1245;790813;64;M
1246;621119;70;M
1247;691009;70;F
1248;710624;19;M
1250;520801;43;F
1251;590530;1;M
1252;530819;1;F
1253;670828;14;F
1254;390831;3;F
1255;660807;1;F
1256;551113;46;F
1257;280901;35;F
1258;240920;35;M
1259;660929;18;M
1260;450103;57;F
1261;510928;57;M
1262;520403;35;M
1263;590225;35;F
1264;761003;61;F
1265;581221;57;F
1266;521124;71;F
1267;540211;29;F
1268;490330;29;M
1269;481231;1;F
1270;300516;13;M
1271;351129;47;M
1272;440415;8;M
1273;780615;6;M
1274;760125;44;M
1275;511010;1;F
1276;420426;68;F
1277;310407;70;M
1278;780912;72;M
1279;560711;16;M
1280;520508;34;M
1281;491228;34;F
1282;361127;52;M
1283;390209;66;F
1284;430804;66;M
1285;391126;62;M
1286;500313;52;F
1287;440809;65;F
1288;720520;73;M
1289;460918;59;M
1290;760129;35;M
1291;640418;1;F
1292;770428;14;M
1293;270129;1;M
1294;300529;1;F
1295;440209;74;F
1296;590801;55;F
1297;180128;64;F
1298;210315;64;M
1299;201016;2;F
1300;791027;45;M
1303;400816;42;F
1304;360728;37;M
1305;450428;55;F
1306;221008;32;F
1307;530408;74;M
1308;540218;69;M
1309;750617;1;M
1310;770924;41;F
1311;561218;54;F
1312;350403;35;F
1313;701120;54;M
1314;750609;54;F
1315;230226;34;M
1316;461113;67;F
1317;450518;67;M
1318;310310;47;M
1321;771109;35;F
1322;450922;4;F
1323;440106;70;M
1324;560807;66;F
1325;450919;39;M
1326;560512;55;F
1327;631231;20;F
1328;370605;42;F
1329;180216;26;M
1330;680917;66;M
1331;631124;54;M
1332;571127;5;F
1333;490420;48;M
1334;780206;8;M
1335;610125;1;F
1336;621104;1;M
1337;790329;56;F
1338;830726;56;M
1339;590504;22;M
1340;390320;68;F
1341;620617;69;F
1343;390816;1;F
1344;350218;1;M
1345;680522;32;M
1346;540829;13;M
1347;700306;13;M
1348;750607;13;F
1349;680107;26;F
1350;590428;1;M
1351;510924;1;F
1352;710401;54;F
1353;590213;27;M
1354;210114;64;M
1355;760201;35;F
1356;320918;1;M
1359;510904;1;F
1360;460819;1;M
1361;220929;1;F
1362;290103;1;M
1363;791227;6;F
1364;331228;1;M
1365;380223;1;F
1366;800302;12;F
1367;651027;60;F
1368;571230;60;M
1369;781023;41;M
1370;650111;34;F
1371;481022;49;F
1372;761207;28;F
1373;750208;74;F
1375;770127;69;M
1376;580903;18;M
1377;510723;18;F
1378;411125;74;F
1379;370218;74;M
1380;530729;44;F
1382;791123;18;F
1383;821005;29;M
1384;530424;40;F
1385;530830;22;M
1386;560809;22;F
1387;770222;1;F
1388;620906;5;F
1389;270304;43;F
1390;790527;59;F
1391;651122;41;M
1392;320206;50;M
1393;340501;50;F
1394;420822;49;F
1395;411018;49;M
1396;460314;39;F
1397;211225;66;F
1401;810724;35;M
1402;361125;44;M
1403;440102;44;F
1404;681220;11;F
1406;481112;29;F
1407;410804;29;M
1408;690807;49;M
1409;510430;25;M
1410;440203;18;M
1411;390806;18;F
1412;791105;6;M
1413;690716;11;F
1414;741113;70;F
1416;271202;19;M
1417;661112;27;F
1418;740616;41;F
1419;180125;74;F
1420;160120;74;M
1421;560210;20;F
1422;760223;69;F
1423;820411;69;M
1424;520105;8;M
1425;680827;12;M
1426;640430;12;F
1427;651216;14;F
1428;200423;12;M
1429;270904;12;F
1430;820529;64;F
1431;301108;55;F
1432;610817;16;F
1433;590710;72;F
1434;670325;72;M
1435;530625;52;M
1438;631025;29;F
1439;740910;29;M
1440;780117;1;M
1441;311205;42;F
1442;330418;42;M
1443;350125;29;M
1444;420714;29;F
1445;410724;68;M
1446;540729;70;M
1447;520621;70;F
1448;571009;50;F
1449;490629;41;M
1450;690317;61;F
1452;400528;72;F
1453;660329;29;F
1454;251003;73;M
1455;270902;73;F
1456;280424;70;M
1457;341012;70;F
1458;380408;67;M
1459;760908;4;M
1460;330313;23;F
1461;691221;28;M
1462;410302;49;M
1463;360126;70;F
1464;280401;36;F
1465;310106;36;M
1466;530822;39;M
1467;240930;65;M
1468;400416;77;F
1469;660914;54;F
1470;420504;1;M
1471;380915;1;F
1472;670910;1;F
1473;311206;1;F
1474;711215;45;F
1475;320331;19;M
1476;701130;70;M
1478;690821;4;M
1479;560622;1;M
1480;430528;69;M
1481;331123;62;F
1482;500328;46;F
1483;510510;1;F
1484;520618;1;M
1485;780514;7;M
1486;740913;7;F
1487;760827;48;F
1488;610109;31;M
1489;280124;6;M
1490;280420;42;M
1491;820421;19;M
1492;680509;9;F
1493;221229;1;M
1494;150322;1;F
1495;310210;1;F
1496;420608;1;F
1497;480803;53;F
1498;410209;53;M
1499;511129;74;F
1500;811212;1;M
1501;460122;68;M
1502;730124;68;M
1503;220901;58;M
1504;180116;58;F
1505;710625;65;F
1506;310625;22;M
1507;291122;22;F
1508;540630;67;F
1509;420419;62;F
1510;480130;34;F
1511;620306;13;F
1512;420811;5;F
1513;590821;74;M
1514;570802;68;M
1516;461017;38;F
1517;561002;66;M
1518;600728;3;F
1519;590706;3;M
1520;561105;72;M
1521;791010;5;M
1522;680514;52;F
1523;310830;29;F
1524;620113;30;F
1525;430309;1;M
1526;350315;1;F
1527;341218;49;M
1528;640320;57;M
1529;720620;43;F
1530;450806;74;F
1531;600628;52;F
1532;621030;52;M
1533;601222;55;M
1534;521222;17;F
1535;361028;40;M
1536;671013;37;F
1537;791207;54;M
1539;231119;32;M
1540;371107;36;M
1541;330306;36;F
1542;191208;31;M
1543;270602;31;F
1546;300413;28;M
1547;271220;28;F
1548;230304;70;M
1549;281114;70;F
1550;461121;8;F
1554;441215;55;M
1555;500914;30;M
1556;500402;66;M
1557;591214;35;F
1558;270125;11;F
1559;401020;72;M
1561;230916;1;F
1562;190814;1;M
1563;780806;3;M
1564;470625;40;F
1565;600519;71;M
1566;661020;15;F
1567;300419;50;M
1568;270629;50;F
1569;560717;54;F
1570;580617;54;M
1571;671015;7;F
1572;631212;1;F
1574;790218;18;M
1575;231006;55;F
1576;190502;55;M
1577;440419;23;M
1578;710815;40;F
1579;631013;27;M
1580;680618;1;F
1581;630415;56;F
1582;340214;54;M
1583;720108;1;F
1584;620129;1;F
1585;350720;60;M
1586;340112;60;F
1587;280505;23;M
1588;501029;45;M
1589;511127;48;F
1590;400810;13;F
1591;530707;42;F
1592;280411;56;M
1593;250531;56;F
1594;390929;56;M
1595;541216;56;F
1596;781022;58;F
1597;560510;60;M
1598;250425;67;M
1599;641008;43;M
1600;650615;43;F
1601;690329;42;F
1602;681230;42;M
1603;680827;26;M
1604;690721;26;F
1605;800921;52;F
1606;820902;65;M
1607;410526;8;F
1608;411111;53;M
1609;440530;53;F
1610;420423;68;F
1611;631202;59;F
1612;590630;59;M
1613;610115;50;M
1614;380518;21;M
1615;520428;74;F
1616;380523;54;M
1617;500430;5;F
1618;791207;17;F
1619;420127;74;F
1620;360515;74;M
1621;520405;76;F
1622;501012;52;M
1623;630709;36;M
1624;650910;9;M
1625;730712;9;F
1628;570325;12;F
1629;660901;28;M
1630;640219;28;F
1631;760430;74;M
1632;430220;8;F
1633;720828;55;F
1634;691110;55;M
1635;300902;75;F
1636;320912;75;M
1637;431020;21;M
1638;540130;40;F
1639;590501;1;F
1640;530613;51;F
1641;230128;31;F
1642;591010;1;F
1643;760417;39;F
1644;760606;56;M
1645;610310;39;F
1646;660317;8;M
1647;780326;71;F
1648;520312;46;M
1649;500316;46;F
1650;530329;1;M
1651;660710;11;F
1653;440619;42;M
1654;631208;60;M
1655;720204;74;M
1656;680618;22;F
1657;351002;32;M
1658;290821;52;F
1659;371215;1;F
1660;821211;1;F
1661;530416;47;F
1662;670907;53;M
1663;570429;19;M
1664;181110;64;F
1665;120302;64;M
1666;410831;1;M
1667;400813;1;F
1668;490817;20;F
1669;521025;47;M
1670;610507;53;M
1671;310915;57;F
1672;280107;57;M
1673;720709;48;M
1674;201027;11;F
1675;400215;74;M
1676;530203;53;M
1677;460907;53;F
1679;420417;67;F
1680;750328;29;F
1681;401125;34;M
1682;560907;69;M
1683;511224;15;F
1684;461025;15;M
1685;440421;61;F
1686;471108;1;F
1687;470227;1;M
1688;230810;32;M
1689;361204;1;M
1690;470817;46;F
1691;780208;21;F
1692;720207;62;M
1693;800706;45;F
1694;791227;45;M
1696;230321;1;F
1697;640110;55;F
1698;671121;55;M
1699;550311;17;M
1700;490309;7;M
1701;450611;7;F
1702;730407;53;F
1703;180111;50;M
1704;141003;50;F
1705;460701;19;F
1706;440719;19;M
1707;510218;10;M
1709;521213;74;F
1710;440211;54;M
1711;620614;64;F
1712;640101;64;M
1713;350421;65;M
1714;450522;58;M
1717;790307;73;F
1718;380727;75;M
1719;700809;35;M
1720;340224;33;F
1721;340702;33;M
1722;331001;68;M
1723;810228;71;F
1724;341021;68;F
1725;590118;76;F
1726;520603;76;M
1727;510121;32;M
1728;460818;32;F
1729;470516;76;M
1730;321215;40;M
1731;681130;17;F
1733;740720;57;F
1734;751110;26;M
1735;760531;26;F
1736;790417;41;F
1737;550730;27;M
1738;630125;27;F
1741;320702;70;M
1742;540606;1;M
1743;590727;3;M
1744;691228;50;F
1745;591018;23;F
1746;590910;11;F
1747;560220;11;M
1748;761231;64;M
1749;281117;50;F
1750;641231;23;M
1751;590124;54;M
1752;781123;70;M
1753;790226;60;F
1754;790529;57;M
1755;650818;65;F
1756;360708;1;M
1757;370930;1;F
1758;471113;35;M
1759;230116;63;F
1760;230307;77;M
1761;480423;45;M
1762;561230;61;M
1763;671207;46;M
1764;710709;66;M
1765;750803;9;M
1768;510427;29;M
1769;490805;12;M
1770;511015;12;F
1771;271020;54;F
1772;790921;73;F
1774;711005;32;F
1775;431208;73;M
1776;541024;30;F
1777;630108;69;F
1778;680902;69;M
1779;351126;37;M
1780;541209;54;F
1781;240816;67;M
1782;481224;19;M
1783;461005;1;F
1784;801102;2;F
1785;751125;39;M
1786;340625;63;F
1787;311128;63;M
1788;500323;1;M
1789;330807;61;F
1790;530528;1;M
1791;660512;5;F
1792;750901;54;M
1793;450317;41;F
1794;400330;54;F
1795;600228;38;F
1796;381123;10;M
1797;411104;10;F
1798;330708;70;M
1799;590626;36;M
1800;430928;63;F
1801;700101;66;M
1802;641016;66;F
1803;460512;25;F
1806;520103;5;M
1807;350630;47;M
1808;330626;47;F
1809;310512;24;M
1810;190630;41;M
1811;390329;1;M
1812;470517;36;F
1813;490928;36;M
1814;400312;57;M
1815;770224;16;F
1816;510724;62;M
1817;531206;47;F
1818;561002;47;M
1819;790420;43;F
1820;281120;50;F
1821;410424;1;M
1822;220913;71;F
1823;780807;1;F
1824;600803;69;M
1825;740424;51;F
1826;370912;13;M
1827;410816;13;F
1828;621114;69;M
1829;420816;51;F
1830;520203;33;M
1831;761009;51;M
1832;660731;1;F
1833;661115;30;M
1834;270219;7;M
1835;280311;7;F
1836;440307;36;F
1837;570113;67;M
1838;591127;67;F
1839;361218;5;F
1840;351028;5;M
1841;530323;67;F
1842;430913;9;M
1843;390125;48;F
1844;220203;74;F
1845;181114;74;M
1846;801212;48;M
1847;790130;52;F
1848;240702;6;F
1849;220924;57;F
1850;420705;52;F
1851;750912;31;F
1852;620905;50;M
1853;650818;1;M
1854;320527;70;F
1856;680822;54;F
1857;640316;54;M
1860;641031;1;F
1861;570715;29;M
1862;771009;50;F
1863;520216;54;M
1864;480314;22;M
1865;490609;22;F
1866;420611;64;F
1867;440924;1;F
1868;800216;60;M
1869;330214;1;F
1870;350429;1;M
1871;800220;1;F
1872;630124;52;F
1873;681026;52;M
1874;461020;1;M
1875;761019;15;M
1876;510701;1;M
1877;570821;47;F
1878;630902;47;M
1879;440402;21;F
1880;740808;1;M
1881;340124;72;M
1882;320524;72;F
1883;611027;18;F
1884;760126;59;F
1885;700107;47;F
1886;200407;34;M
1887;260715;54;M
1888;180924;66;F
1889;570728;32;F
1890;550814;14;F
1891;590304;62;F
1892;280326;66;M
1893;340211;66;F
1894;471105;1;F
1895;651103;47;F
1896;820208;48;M
1897;690307;36;F
1898;610801;73;M
1899;410703;10;M
1900;651122;23;M
1901;621107;23;F
1903;390830;1;F
1904;410222;66;M
1905;490518;72;F
1906;220707;63;M
1907;280908;75;F
1908;200117;33;M
1909;440316;35;F
1910;461108;67;M
1911;380421;48;F
1912;720226;57;M
1913;680415;69;M
1914;420620;39;F
1915;390909;39;M
1916;260719;28;M
1917;690313;69;F
1919;490504;30;M
1920;750807;42;M
1921;461026;1;F
1922;490403;1;M
1923;580507;1;F
1924;380529;67;M
1925;380623;37;M
1926;350208;37;F
1927;520426;77;M
1928;520814;77;F
1929;550815;65;F
1930;340221;38;F
1931;421114;16;F
1932;400121;15;F
1934;331121;70;F
1935;290512;68;F
1936;551016;15;F
1937;600327;15;M
1938;390930;57;F
1939;250814;1;M
1940;230122;1;F
1941;210712;10;F
1942;150510;10;M
1943;260211;39;M
1944;570122;31;F
1945;540603;54;M
1946;350719;72;M
1947;810208;23;M
1948;390219;71;F
1949;420623;71;M
1950;290706;26;M
1951;710429;41;M
1952;710309;52;F
1953;650922;52;M
1954;520728;69;M
1955;711028;66;F
1956;250709;1;F
1957;720304;63;M
1958;771121;63;F
1959;201226;1;M
1960;460823;22;M
1961;200604;31;F
1962;501118;6;M
1963;450612;38;M
1964;310805;17;M
1965;390810;75;M
1966;480701;19;F
1967;631115;1;F
1968;600813;1;M
1969;260826;53;F
1970;471105;1;F
1971;690314;3;F
1972;460429;1;F
1973;310913;60;F
1974;180714;10;M
1975;150927;10;F
1976;181012;72;M
1977;351025;10;F
1978;520522;18;F
1979;260319;51;F
1980;590430;77;M
1981;700922;19;F
1982;770708;53;M
1983;820205;53;F
1984;260829;1;M
1985;371213;6;M
1986;420813;6;F
1988;520504;13;M
1989;390113;50;F
1990;431125;50;M
1991;181109;64;M
1993;750621;1;M
1994;670706;1;F
1995;410410;50;F
1996;370320;1;M
1997;771109;1;F
1998;781215;40;F
1999;820210;74;F
2000;420509;39;F
2001;770805;34;F
2002;181126;70;F
2003;210615;70;M
2004;740203;1;F
2005;791003;30;M
2006;620822;41;F
2007;580913;41;M
2008;400607;47;M
2009;360116;12;M
2010;520812;37;M
2011;251118;46;F
2012;230627;46;M
2013;400710;1;F
2015;681115;1;F
2016;341009;55;M
2017;310123;55;F
2018;450825;56;F
2019;320928;73;M
2020;251220;73;F
2021;191208;67;M
2022;391112;56;M
2023;310902;56;F
2024;340415;62;M
2025;411231;39;M
2026;341203;39;F
2027;300122;12;M
2028;241017;12;F
2029;230919;5;F
2030;800804;5;F
2031;261215;54;M
2032;430321;1;M
2033;370702;1;F
2034;260612;13;M
2035;280727;13;F
2037;480826;69;F
2038;800329;1;F
2039;690120;68;F
2040;440807;59;M
2041;560811;68;M
2042;820704;49;M
2043;540915;77;F
2044;610918;32;F
2045;560822;28;M
2046;520826;28;F
2047;430725;11;F
2048;280603;23;F
2049;270220;70;M
2050;320523;70;F
2051;181207;74;F
2052;140519;74;M
2053;180207;16;M
2054;481206;48;M
2055;760831;56;F
2056;781209;1;M
2057;760102;6;F
2058;710302;76;M
2059;720630;43;M
2060;710604;43;F
2061;530727;63;M
2062;540522;63;F
2063;500926;68;F
2064;260730;53;M
2065;780820;64;M
2066;721027;1;M
2067;791020;56;M
2068;300524;72;F
2069;230101;70;F
2070;720723;70;F
2071;731219;1;M
2072;440209;75;F
2073;560208;22;M
2074;610916;24;F
2075;220129;74;M
2076;570207;63;F
2077;300301;44;F
2078;780803;10;F
2079;250529;72;F
2080;631226;60;M
2081;721106;46;F
2082;330204;67;M
2083;430312;71;M
2084;290216;1;F
2085;281128;1;M
2086;541029;35;F
2087;770929;68;M
2088;480826;32;F
2089;670609;70;F
2090;701007;70;M
2091;280117;48;F
2092;450321;72;M
2093;700624;48;M
2094;750906;48;F
2095;740430;9;M
2096;740906;74;F
2097;361111;53;M
2098;390528;53;F
2099;180116;1;M
2100;310929;33;F
2101;350624;33;M
2102;410527;51;M
2103;440204;18;F
2104;480108;37;M
2105;470718;42;F
2106;210321;74;F
2107;230418;74;M
2108;450421;77;F
2109;500514;15;F
2110;671103;3;F
2111;240529;57;F
2112;270915;21;M
2113;370404;68;M
2114;180821;51;M
2115;140301;51;F
2116;300614;76;M
2117;450228;53;M
2118;701112;1;M
2119;600518;30;F
2121;790925;64;M
2122;700717;1;F
2123;820517;53;M
2124;490114;68;F
2125;750412;71;M
2126;750328;52;F
2128;550813;38;F
2129;621207;75;M
2130;451029;21;F
2131;750211;39;F
2132;690206;39;M
2133;211128;53;F
2134;171214;53;M
2135;400808;24;F
2136;400724;28;F
2137;621109;73;F
2138;801219;68;M
2139;320306;18;F
2140;261018;18;M
2141;510906;28;M
2142;411220;21;F
2143;481112;21;M
2144;600128;15;F
2145;681224;39;F
2146;730104;65;M
2147;630814;69;F
2148;530720;31;F
2149;230409;33;F
2150;410417;61;M
2151;451230;61;F
2152;290907;17;F
2153;490516;36;F
2154;571128;60;F
2155;580610;15;M
2156;661227;33;F
2157;451117;11;M
2158;810506;10;M
2159;300123;74;F
2160;450531;70;M
2161;200306;1;F
2162;130912;1;M
2163;180408;52;M
2164;411029;47;M
2165;450302;47;F
2166;470722;30;F
2167;811213;1;M
2168;630712;46;F
2169;710101;46;M
2170;420430;70;M
2171;581128;1;M
2172;290821;7;F
2173;511217;56;F
2174;520808;74;F
2175;420103;53;F
2176;460716;18;M
2177;420530;24;F
2178;390809;46;M
2179;391027;9;F
2180;721017;51;F
2181;680722;46;M
2182;291201;75;F
2183;310821;75;M
2184;700707;24;M
2185;570620;20;F
2186;420726;48;F
2187;330312;40;M
2188;250825;40;F
2189;621115;21;F
2190;741022;28;M
2191;790804;28;F
2192;560412;1;F
2193;520726;1;M
2194;610822;50;F
2195;420913;68;F
2196;550216;31;F
2197;621210;47;F
2198;200222;17;F
2199;111209;17;M
2200;530731;66;M
2201;290223;44;M
2202;280817;44;F
2203;391001;10;M
2204;460819;54;F
2205;521212;55;M
2206;640604;10;F
2207;610217;70;F
2208;590109;70;M
2209;270613;30;F
2210;330423;30;M
2211;200224;3;F
2212;720527;52;M
2213;681107;3;M
2214;461107;5;M
2215;250129;10;M
2216;720704;1;F
2217;740220;1;M
2218;681108;43;M
2219;641128;43;F
2220;520217;20;F
2221;450315;20;M
2222;340803;1;F
2223;430524;70;F
2224;321004;54;M
2225;601106;4;F
2226;641009;74;F
2227;750725;42;M
2228;400320;43;F
2229;440907;68;M
2230;690531;5;M
2231;711013;21;F
2232;670527;36;M
2233;641224;36;F
2235;400420;14;F
2236;780627;44;F
2237;581003;47;M
2238;540219;47;F
2239;760109;6;F
2240;320312;47;F
2241;261230;47;M
2242;760605;1;F
2243;800704;1;M
2246;530801;55;F
2247;780113;35;F
2248;751024;7;M
2249;451207;32;F
2250;381208;34;F
2251;711013;26;F
2252;651115;37;M
2253;570909;37;F
2254;271209;72;F
2255;230824;50;F
2256;740605;70;M
2257;790831;62;F
2258;791103;62;M
2259;500102;19;F
2260;620422;62;F
2261;561113;62;M
2263;340817;1;M
2264;430508;4;M
2265;770918;52;M
2266;390123;16;M
2267;660410;1;F
2268;381226;10;M
2269;631110;48;F
2270;600421;61;F
2271;641107;61;M
2274;641014;9;M
2275;650724;9;F
2276;320427;44;F
2277;790325;1;M
2278;210701;76;M
2279;531106;52;M
2280;740424;10;F
2281;780606;76;F
2282;730311;60;M
2283;610809;1;M
2286;661126;54;F
2287;791021;47;M
2288;570823;32;F
2289;540821;32;M
2290;540530;31;F
2291;570919;6;M
2292;211110;59;M
2293;691122;1;M
2294;521227;32;F
2295;390228;22;F
2296;420613;22;M
2297;650118;48;M
2298;690515;48;F
2299;400220;6;F
2300;610707;35;F
2301;601219;35;M
2302;570126;74;M
2303;390401;61;F
2304;390211;61;M
2305;490610;70;F
2306;430821;70;M
2307;230906;26;M
2308;741031;27;F
2309;760513;15;F
2310;390723;40;M
2311;351001;40;F
2312;750215;11;F
2313;801029;70;M
2314;591216;34;F
2315;631008;34;M
2316;700325;1;M
2317;760222;1;M
2318;230919;20;F
2319;700516;40;F
2320;510523;60;M
2321;680112;68;F
2322;280611;15;M
2323;420629;48;F
2324;780716;27;M
2325;550203;2;F
2326;451214;72;F
2327;191027;73;M
2328;681002;24;M
2329;730102;18;M
2330;481117;40;F
2331;570531;42;F
2332;491222;60;F
2333;491012;60;M
2335;340328;66;F
2336;220717;12;M
2337;170409;12;F
2338;570725;58;F
2339;561206;58;M
2340;530502;42;M
2341;470713;42;F
2342;481218;70;M
2343;590318;1;M
2344;240427;3;F
2345;420719;33;M
2346;471025;33;F
2347;431217;35;F
2348;330424;35;M
2349;680710;46;F
2350;670609;46;M
2351;650417;38;M
2352;770929;70;F
2353;290917;4;F
2354;671221;1;M
2355;480630;6;F
2356;300710;52;M
2357;370110;52;F
2358;461016;74;F
2359;530701;74;M
2361;680924;9;M
2362;740902;9;F
2363;470618;43;M
2364;710426;56;F
2365;530626;46;F
2366;300101;35;M
2367;310405;35;F
2368;431222;64;F
2369;401219;64;M
2370;560821;41;F
2371;560207;70;F
2372;710409;23;F
2373;540119;15;M
2374;680727;9;M
2375;650725;72;F
2376;640819;72;M
2377;501117;49;M
2378;530313;63;F
2379;640619;33;F
2380;270817;40;M
2381;311011;40;F
2382;271025;62;F
2383;470101;31;F
2384;461217;31;M
2385;330505;13;M
2386;340310;13;F
2387;450716;77;F
2388;710729;42;M
2389;240720;25;M
2390;380513;57;M
2391;420124;1;M
2392;550521;26;M
2393;760823;16;F
2394;620604;5;M
2395;530311;8;M
2396;490829;41;F
2397;180714;46;M
2398;550825;71;F
2399;430502;42;F
2400;590410;19;M
2401;480126;26;F
2402;481026;41;M
2403;630125;1;F
2404;770705;27;F
2405;750821;27;M
2406;561006;49;F
2407;750827;51;M
2408;400428;6;F
2409;640527;54;M
2410;730208;73;F
2411;680817;73;M
2412;801026;20;M
2413;610809;46;M
2414;500713;54;F
2415;570424;54;M
2416;541223;72;F
2417;380621;48;F
2418;531227;1;F
2419;540623;1;F
2420;720606;48;F
2421;701110;48;M
2422;760609;68;F
2423;570709;42;M
2424;201110;54;M
2425;770718;6;F
2426;270609;74;M
2427;341130;74;F
2428;460627;1;F
2429;731122;70;M
2430;371028;5;M
2431;661010;75;M
2432;240308;27;F
2433;640619;32;M
2434;450524;42;F
2435;431018;16;F
2436;340806;25;F
2437;361227;45;M
2438;460919;52;F
2439;441126;52;M
2440;350909;17;M
2441;281006;1;M
2442;270708;1;F
2443;490523;75;M
2444;340826;4;M
2445;690226;54;M
2447;721007;68;M
2448;710701;68;F
2449;671228;1;M
2450;750517;54;F
2451;391206;42;M
2452;520607;64;F
2453;240113;13;M
2454;400904;69;F
2455;191104;72;M
2456;231204;72;F
2457;400817;68;M
2458;320809;68;F
2459;740722;20;F
2460;630105;19;F
2461;670402;64;M
2462;340606;19;M
2463;441217;7;M
2464;450901;30;M
2465;731017;51;M
2467;460516;36;F
2468;650318;71;M
2469;570910;54;F
2470;430614;53;M
2471;420105;53;F
2472;760329;70;F
2473;761017;20;F
2474;570406;42;M
2475;820202;44;F
2476;570216;75;F
2477;520614;75;M
2478;400524;48;F
2479;590331;31;F
2480;761208;46;F
2481;480622;6;M
2482;250107;34;M
2483;291230;34;F
2484;691221;68;M
2485;330515;20;M
2486;611005;76;F
2487;670925;67;F
2488;800922;9;F
2489;750128;64;F
2490;610326;61;F
2491;390320;5;F
2492;431213;5;M
2493;621009;1;M
2494;710106;37;M
2495;391214;58;F
2496;720707;1;M
2497;620406;34;F
2498;800312;37;M
2499;440804;13;M
2500;460820;24;F
2501;401204;70;F
2502;350313;1;F
2503;770923;54;F
2504;500109;61;M
2505;600430;25;F
2506;760927;76;M
2507;520826;37;F
2508;650807;72;F
2509;710206;72;M
2510;590610;72;F
2511;750327;35;F
2512;740727;35;M
2513;410508;41;M
2514;570211;59;M
2515;580603;12;M
2516;420105;33;F
2517;240909;18;M
2518;210507;18;F
2519;700806;29;F
2520;440730;62;M
2521;470330;55;F
2522;370908;74;M
2523;371202;74;F
2524;590731;36;M
2525;520710;36;F
2526;640726;1;M
2527;470731;44;F
2528;770216;25;M
2529;390622;70;M
2530;500211;8;M
2531;540124;5;F
2532;370509;29;M
2533;290717;40;F
2534;430110;1;M
2535;450110;1;M
2536;611022;64;M
2537;571010;73;M
2538;800223;56;M
2539;720121;32;F
2540;810626;46;M
2542;441219;3;M
2543;520827;3;F
2545;530928;9;F
2546;611203;41;F
2547;531029;48;F
2548;531006;48;M
2549;230505;70;F
2550;761012;1;F
2551;390811;70;F
2552;640124;74;F
2553;761124;34;M
2554;410920;64;M
2555;630923;42;M
2556;510210;44;F
2557;570218;7;M
2558;590118;30;M
2559;650331;8;F
2560;740620;70;F
2561;450726;48;M
2562;521101;42;M
2563;710908;74;M
2565;460522;64;M
2566;630325;29;F
2567;430530;64;M
2568;380611;64;F
2569;480401;69;M
2570;470619;69;F
2571;790425;43;F
2572;531008;1;M
2573;650310;1;F
2574;320422;29;F
2576;790516;46;F
2577;180107;70;M
2578;540708;76;M
2579;350102;11;F
2580;350307;11;M
2581;531119;52;F
2582;381215;51;M
2583;370617;75;M
2584;441215;4;F
2585;710828;75;F
2586;660514;8;M
2587;730103;8;F
2588;580519;33;M
2589;630217;21;M
2590;641019;42;F
2591;600227;42;M
2592;800831;1;F
2593;770610;1;M
2594;630731;55;M
2596;611008;31;M
2597;690806;28;F
2598;651025;28;M
2599;460109;1;M
2600;230417;7;F
2601;610725;37;M
2602;660820;37;F
2603;721103;38;F
2604;260711;22;M
2605;250417;22;F
2606;430104;31;M
2607;430327;63;M
2608;430915;58;F
2609;770509;1;M
2610;800503;1;F
2611;381109;77;M
2612;750203;38;M
2613;771026;1;M
2614;460314;72;M
2615;450826;64;F
2616;700707;50;M
2617;620626;50;F
2618;420814;17;M
2619;690709;63;F
2620;680718;63;M
2621;560509;51;M
2622;730607;71;M
2623;650716;16;F
2625;721007;57;M
2626;400214;1;M
2628;311105;1;F
2629;311203;1;M
2630;370820;64;F
2631;700521;18;M
2632;630225;18;F
2633;670712;1;F
2635;661210;67;F
2636;181024;28;M
2637;350606;64;M
2638;420107;1;M
2639;500304;45;F
2640;510129;45;M
2642;730904;22;M
2643;460107;54;F
2644;640323;6;F
2645;200422;67;M
2646;370607;63;F
2647;400326;9;M
2648;341010;9;F
2650;750305;75;M
2651;691127;75;F
2652;490509;41;F
2653;500125;1;M
2654;391008;59;F
2655;630812;44;M
2656;550915;54;M
2657;480709;73;M
2658;330121;11;M
2659;410524;46;M
2661;611017;1;F
2662;780829;1;M
2663;761001;8;M
2666;350706;47;F
2667;720101;9;M
2668;750209;9;F
2669;270508;51;M
2670;360913;45;M
2671;720422;35;F
2672;400326;7;F
2673;590716;65;M
2674;521003;65;F
2675;240122;31;M
2676;610601;61;M
2677;220524;33;M
2678;180515;33;F
2679;380930;1;M
2680;450902;1;F
2681;710104;45;F
2682;750114;45;M
2683;290613;48;F
2684;530211;74;F
2685;690621;73;F
2686;510324;19;F
2687;490822;19;M
2688;671024;60;F
2689;230117;16;M
2690;711225;58;F
2691;640517;47;M
2692;250530;44;M
2693;760804;46;F
2694;271006;15;F
2695;290516;15;M
2696;470904;2;M
2697;480814;2;F
2698;701007;31;F
2699;770223;31;M
2700;450222;34;M
2701;520329;1;M
2702;190226;7;M
2703;730312;2;F
2704;490522;1;F
2705;240430;43;M
2706;670702;3;M
2707;690523;45;M
2708;580812;73;M
2709;460614;26;M
2712;560117;25;M
2713;620902;36;M
2714;700306;6;F
2715;570704;7;M
2716;690713;25;F
2717;300428;46;M
2718;321222;46;F
2719;641030;29;F
2720;490905;1;F
2721;500626;24;F
2724;750301;35;M
2726;730728;1;F
2727;680205;1;M
2728;220813;74;M
2729;660828;1;M
2730;470318;52;M
2731;271208;38;M
2732;530916;57;F
2733;271111;3;F
2734;341112;3;M
2735;280731;64;M
2736;580215;1;F
2738;510425;1;M
2739;500126;13;M
2740;671123;36;F
2741;301129;41;F
2742;480827;65;F
2743;391004;50;F
2744;430222;50;M
2745;390807;54;F
2746;710225;1;M
2747;361014;6;M
2748;361006;6;F
2749;210304;14;F
2750;130713;14;M
2751;570124;68;F
2752;710809;48;M
2754;780524;66;F
2755;700323;1;F
2756;190928;31;F
2758;460714;1;M
2759;740126;2;M
2760;751212;68;F
2761;770929;1;F
2762;530423;29;F
2765;810420;36;F
2766;590915;70;M
2767;540604;70;F
2768;640402;1;M
2769;370515;69;M
2770;540708;1;M
2771;201025;37;M
2772;230108;37;F
2773;190913;49;F
2774;210223;49;M
2775;780709;41;F
2776;340607;31;F
2777;700328;46;F
2778;640516;57;M
2779;480504;29;M
2780;470116;29;F
2781;601122;46;F
2782;400913;31;M
2783;400620;1;M
2784;580725;36;F
2785;620729;22;M
2786;511102;24;M
2787;761014;41;F
2788;511021;49;F
2789;511225;1;F
2790;750210;16;M
2791;211010;60;M
2794;650122;18;M
2795;680413;18;F
2796;740625;15;M
2797;501105;28;M
2798;310627;65;M
2799;611202;4;F
2800;490826;2;M
2801;190218;75;M
2802;661129;1;F
2803;311012;68;M
2804;361110;68;F
2805;640713;73;M
2806;550701;58;F
2808;740331;8;F
2809;790214;33;M
2810;710728;72;M
2811;461207;1;F
2812;700502;55;F
2813;410410;70;M
2814;730210;19;F
2815;300630;35;M
2816;380315;35;F
2817;770219;1;F
2818;630412;54;M
2819;800812;8;M
2820;661217;77;M
2821;801101;45;F
2822;581019;50;M
2823;461218;70;F
2824;410905;39;M
2825;580329;65;M
2826;350128;59;M
2827;230213;63;M
2828;490710;14;F
2829;391227;33;F
2830;741114;51;M
2831;800709;68;F
2832;270723;13;M
2833;230709;13;F
2834;490523;52;M
2835;660127;27;M
2836;190921;38;F
2837;270521;38;M
2838;650309;65;M
2839;280705;72;F
2840;340514;72;M
2841;730410;18;F
2842;580617;74;M
2843;661006;70;F
2844;621119;51;M
2845;520902;7;M
2846;690317;1;F
2847;420725;34;F
2848;390220;34;M
2849;280402;19;M
2850;700820;7;M
2851;390810;54;M
2852;420628;26;F
2853;560425;28;F
2854;490601;16;M
2855;570726;16;F
2856;231111;47;M
2857;270203;33;M
2858;260212;42;F
2859;280924;68;F
2860;580331;28;M
2862;641007;49;F
2863;680305;49;M
2864;520409;51;F
2865;481118;15;M
2866;491030;15;F
2867;600123;1;F
2868;331214;14;M
2869;750805;1;M
2870;591128;29;M
2871;671123;71;F
2872;331027;77;F
2873;750324;16;F
2874;720910;34;M
2875;360817;46;M
2876;770107;1;M
2877;320429;59;M
2878;470417;68;M
2879;770110;40;M
2880;521230;60;M
2881;670321;12;F
2882;311214;70;M
2883;530226;30;M
2884;581010;40;F
2885;651004;1;F
2886;581003;1;M
2887;610129;2;F
2888;780909;1;F
2889;431205;25;M
2890;511011;62;M
2891;570723;62;F
2892;410321;3;F
2893;271102;2;F
2894;480725;70;F
2895;770517;70;F
2896;750516;1;F
2897;250718;40;M
2898;201017;40;F
2899;180518;16;M
2900;230322;18;M
2901;390109;25;F
2902;590703;8;F
2903;591126;8;M
2904;460518;64;F
2905;510707;64;M
2906;341216;5;M
2907;320922;5;F
2908;710228;1;M
2909;361009;26;M
2910;360928;76;M
2911;320925;45;M
2912;250728;45;F
2913;621227;44;M
2915;540222;33;F
2916;720930;1;M
2917;400118;16;M
2918;670521;5;M
2919;700908;5;F
2920;620623;44;F
2921;761220;64;F
2922;400907;43;M
2923;770321;35;F
2924;410206;18;F
2925;470908;18;M
2926;340211;27;M
2927;291228;27;F
2928;320302;38;M
2929;580310;1;M
2930;410322;41;M
2932;400711;1;F
2933;421212;72;M
2934;480427;72;F
2935;440502;61;F
2936;450311;3;F
2937;490701;74;M
2938;210601;8;F
2939;180213;8;M
2940;651016;1;M
2941;510312;38;M
2942;660603;67;F
2943;800628;1;F
2944;430823;71;F
2945;210602;74;M
2946;260123;74;F
2947;570518;19;F
2948;781120;47;M
2949;430925;14;M
2950;440606;46;M
2951;500831;76;F
2952;780117;52;F
2953;360707;3;M
2954;590812;38;F
2955;520716;38;M
2956;390806;23;M
2957;780307;23;M
2958;750507;48;M
2959;571119;54;M
2960;281219;1;M
2961;331228;1;F
2962;381110;1;M
2963;390329;1;F
2964;781127;8;M
2965;180207;30;F
2966;550220;65;M
2967;610115;53;F
2968;620824;40;M
2969;230422;55;M
2970;220406;55;F
2971;771203;1;F
2972;760114;1;M
2974;510712;56;F
2975;430318;33;F
2976;220803;57;F
2977;630206;39;M
2978;480305;33;F
2979;611222;4;F
2980;740614;11;M
2981;490205;16;F
2982;730323;6;F
2983;670723;6;M
2984;630524;60;F
2985;600413;60;M
2986;520515;14;M
2987;460601;14;F
2988;610521;33;M
2989;490201;17;F
2990;380402;32;F
2991;410731;32;M
2992;660507;11;M
2994;630722;18;M
2995;410615;35;F
2996;650129;1;M
2997;410309;1;F
2998;610402;1;M
2999;790324;74;F
3000;280402;41;F
3001;581007;1;M
3002;550513;42;F
3003;730512;69;F
3004;710713;69;M
3005;310629;43;M
3006;730808;22;F
3007;640411;76;M
3008;191219;73;M
3009;570803;62;F
3010;600112;62;M
3011;550919;74;M
3012;551110;70;F
3013;500318;51;F
3014;531105;51;M
3015;520229;73;M
3016;770823;40;M
3017;410514;2;M
3018;780128;61;M
3019;690923;30;M
3020;420827;32;F
3021;610824;1;M
3022;540922;1;F
3023;590404;16;M
3024;290308;60;M
3025;321227;60;F
3026;470325;22;M
3027;590725;62;M
3028;320423;34;F
3029;700508;43;M
3030;760510;68;F
3031;650905;40;F
3032;590410;40;M
3035;641102;27;M
3036;410331;16;F
3037;420104;64;M
3038;460305;6;F
3039;690601;55;F
3041;270424;4;F
3042;680214;18;F
3043;511115;63;F
3044;451007;36;M
3045;500318;10;F
3046;250122;1;F
3047;751001;45;M
3048;230106;16;F
3049;670406;6;M
3050;670731;6;F
3051;280311;65;M
3054;580428;74;M
3055;310223;51;M
3056;590116;38;F
3057;620305;38;M
3058;430929;49;F
3059;771129;61;M
3060;600518;61;M
3061;651005;61;F
3062;300822;41;F
3063;710129;27;M
3064;300505;42;M
3065;210821;24;F
3066;820309;54;F
3067;520621;57;F
3068;540320;57;M
3069;431023;21;M
3070;201212;46;M
3071;670223;38;F
3072;360414;1;M
3073;371023;1;F
3074;581107;1;M
3075;410505;74;M
3076;621117;57;F
3077;340224;50;F
3078;320131;50;M
3079;430519;67;M
3080;510727;5;F
3081;450302;5;M
3082;791017;52;F
3083;710407;41;M
3084;510824;23;F
3085;460629;62;F
3086;480914;62;M
3087;590921;46;F
3088;500611;40;M
3089;740726;46;M
3090;681117;32;M
3091;660303;15;F
3092;671106;59;F
3093;660221;35;M
3094;500818;48;M
3095;530629;36;M
3096;820227;74;M
3097;480822;48;M
3098;380623;17;M
3099;651113;17;M
3100;310330;2;M
3101;411213;1;M
3102;790216;61;F
3103;730307;64;F
3104;820104;4;F
3105;470817;68;M
3106;280303;72;F
3107;601116;30;M
3108;620226;30;F
3109;320421;7;F
3110;310227;54;M
3111;240207;54;F
3112;390912;24;M
3113;711112;60;F
3114;710224;60;M
3115;611130;72;M
3116;510909;28;M
3117;410622;62;F
3118;400709;62;M
3119;360126;50;F
3120;640602;75;M
3121;561018;57;F
3122;590402;57;M
3123;790725;1;M
3124;580102;5;F
3125;221030;10;F
3126;380113;47;M
3127;200618;1;F
3128;440209;69;F
3129;460801;5;F
3130;550531;19;F
3131;350614;1;F
3132;750324;1;F
3133;730420;31;F
3134;380504;1;M
3135;690106;48;M
3136;631218;1;M
3137;470226;70;M
3138;430812;70;F
3139;560923;46;F
3140;590413;46;M
3141;251109;9;F
3142;190318;68;M
3143;440202;21;F
3144;190804;1;M
3145;211104;1;F
3146;480715;1;M
3147;640426;19;F
3148;420404;3;M
3149;350109;3;F
3150;320724;54;F
3151;510727;1;F
3152;361004;1;M
3153;240617;26;M
3154;260221;26;F
3155;730408;44;F
3156;541102;68;F
3157;420226;1;F
3158;401125;1;F
3159;301027;24;M
3160;510629;20;M
3161;801118;66;M
3162;600517;55;M
3163;640526;1;F
3164;620910;1;M
3165;760901;3;F
3166;550614;31;M
3167;430908;48;F
3170;210221;76;M
3171;240426;76;F
3172;511223;64;M
3173;460418;66;F
3174;521116;66;M
3175;500719;64;F
3176;370707;1;M
3177;380812;24;M
3178;690801;25;F
3179;480312;45;F
3180;440930;45;M
3181;430215;27;M
3182;250422;18;F
3183;800224;70;M
3184;591201;5;F
3185;721126;17;F
3186;550114;1;F
3187;520902;7;M
3188;760519;68;F
3190;201101;1;F
3191;751105;56;F
3192;390714;6;M
3193;500222;28;F
3194;750817;51;F
3195;710613;2;F
3196;780814;72;F
3197;580710;1;M
3198;530305;1;F
3199;571218;1;F
3200;541115;1;M
3201;530806;66;F
3202;220719;56;M
3203;590423;1;F
3204;560326;1;M
3205;210625;1;F
3206;210521;1;M
3207;251203;55;F
3208;470206;27;M
3209;390103;27;F
3210;630830;14;M
3211;670807;17;F
3213;411004;1;M
3214;220512;71;M
3215;360506;64;F
3216;591128;58;M
3217;770502;61;M
3218;651216;49;M
3219;591018;49;F
3220;570217;23;M
3221;530716;23;F
3222;770506;21;M
3225;570317;13;M
3226;511122;1;M
3227;501028;59;F
3228;570222;34;M
3229;790418;50;M
3230;820606;1;F
3231;610603;21;M
3232;761105;5;M
3233;801130;1;M
3234;190804;67;F
3235;500612;46;F
3236;600415;28;F
3239;811116;7;F
3240;371210;67;F
3241;340914;26;M
3242;370304;26;F
3243;200930;71;F
3244;330929;72;M
3245;521202;70;M
3246;310420;66;M
3247;580421;69;F
3248;290802;28;F
3249;590120;17;M
3250;620120;17;F
3251;621228;52;F
3252;610326;52;M
3253;460702;70;M
3254;300213;1;M
3255;700104;8;F
3256;760718;49;M
3257;780511;73;F
3258;600730;74;F
3259;501015;71;M
3260;420908;74;F
3261;500410;74;M
3262;410814;61;F
3264;501020;63;F
3265;630611;47;F
3266;601008;47;M
3267;510826;61;M
3268;560331;1;F
3269;741105;2;M
3270;400122;12;M
3271;420103;58;F
3272;200718;9;F
3273;180102;9;M
3274;290122;26;M
3275;240919;26;F
3276;800321;52;M
3277;660326;42;M
3278;620420;42;F
3279;540804;66;F
3280;580531;66;M
3281;501227;74;M
3282;810902;29;M
3283;331123;10;M
3284;360702;2;M
3285;430917;2;F
3286;720315;74;F
3287;780401;74;M
3288;260128;69;M
3289;770609;75;F
3290;690712;11;F
3291;470123;52;M
3292;400121;18;M
3293;530120;1;F
3294;570308;52;M
3295;660313;40;F
3296;690611;23;M
3297;680417;1;M
3298;420805;5;F
3299;610917;76;F
3300;500629;53;M
3302;640217;52;F
3303;650109;52;M
3304;390831;69;M
3305;711011;41;F
3306;480426;27;M
3307;790701;14;F
3308;480216;15;M
3309;420429;15;F
3310;540213;23;M
3311;540825;51;M
3312;711105;70;F
3313;460210;60;F
3314;311218;24;F
3315;340621;24;M
3316;471215;1;F
3317;500424;1;M
3319;790424;1;F
3320;720214;1;M
3321;690530;13;F
3322;480229;31;M
3323;810222;74;F
3324;710413;26;F
3325;630928;26;M
3326;521226;57;F
3327;370704;20;F
3328;661011;24;M
3329;610320;54;M
3330;550415;54;F
3331;700205;70;F
3332;691115;46;F
3333;490724;10;F
3334;670701;1;M
3335;670210;11;M
3336;510530;64;F
3337;520413;53;M
3338;421129;69;F
3339;760129;31;F
3340;760216;54;M
3341;681220;54;F
3342;730929;73;M
3344;610916;42;M
3345;410127;37;F
3346;410225;37;M
3347;360119;11;M
3348;780214;38;F
3349;631221;42;M
3350;500319;30;M
3351;420915;30;F
3352;190912;23;M
3353;190421;23;F
3354;431028;62;F
3355;530115;38;M
3356;740423;73;M
3357;540721;63;F
3358;751007;16;M
3359;450224;1;M
3360;760831;43;F
3361;301002;40;F
3365;660730;1;F
3366;590212;54;F
3367;520423;54;M
3368;521024;14;F
3369;520416;1;M
3370;190328;25;M
3371;191007;25;F
3372;701030;1;M
3373;521129;5;M
3374;600813;5;F
3375;541106;74;M
3376;450119;11;F
3377;380505;11;M
3378;570421;5;M
3379;490701;5;F
3380;780403;74;F
3381;650901;70;F
3382;540228;54;M
3383;560423;54;F
3384;420803;41;F
3385;240213;11;F
3386;400308;49;F
3387;430814;58;M
3388;651026;53;F
3389;670116;39;F
3390;721117;53;F
3391;710407;42;M
3392;751031;1;F
3393;540824;73;F
3394;800704;66;F
3395;621228;4;M
3396;770303;18;F
3397;740608;24;F
3398;690913;24;M
3399;320225;72;M
3402;520502;74;F
3403;571018;74;M
3404;401011;56;F
3405;491215;40;M
3406;470713;40;F
3407;730413;35;F
3408;731220;35;M
3409;190403;36;M
3410;650216;54;M
3412;750718;57;M
3413;691125;57;F
3414;471017;11;F
3415;730930;54;F
3416;780601;35;M
3417;850318;35;F
3418;630807;70;F
3420;790624;66;M
3421;470305;20;M
3422;510502;1;F
3423;710905;12;F
3424;181114;64;M
3425;700507;70;M
3426;780207;73;M
3427;800616;42;M
3428;870927;42;F
3429;411016;46;M
3430;510925;3;M
3431;790405;70;F
3432;731108;15;M
3433;620907;71;M
3434;560920;71;F
3435;450527;4;F
3436;580218;30;M
3437;590808;30;F
3438;420112;43;M
3439;670127;62;M
3440;380213;1;F
3441;580209;75;M
3443;341206;1;F
3444;770406;57;M
3445;790326;17;F
3446;571001;70;M
3447;490421;54;F
3448;541224;1;M
3449;280321;27;M
3450;760912;25;M
3451;740717;19;M
3452;750828;19;F
3453;500802;56;M
3454;491017;11;F
3455;570228;11;M
3456;450121;54;F
3457;230614;75;F
3458;530630;33;M
3459;640830;14;F
3460;651011;14;M
3461;580222;54;M
3462;650318;54;F
3463;790302;1;F
3464;530114;43;M
3465;420417;30;M
3466;360531;1;F
3467;391206;1;M
3468;331231;68;F
3469;750223;1;F
3470;370423;52;F
3471;520929;1;F
3472;460511;70;F
3473;480521;70;M
3474;541208;32;F
3475;570313;19;M
3476;680105;60;F
3477;650828;37;M
3478;260530;1;M
3479;330919;1;F
3480;510410;15;F
3481;571110;15;M
3482;410209;71;F
3483;401202;70;M
3484;720430;44;M
3485;220527;77;M
3486;620309;77;M
3487;590906;1;M
3488;551009;1;M
3489;660813;76;M
3490;201016;19;M
3491;221118;19;F
3492;701227;8;F
3493;650504;69;F
3494;690702;42;M
3495;410510;64;F
3496;490711;64;M
3497;700911;39;F
3498;380401;77;M
3499;690316;19;M
3500;600607;29;M
3501;640321;51;M
3502;520803;54;M
3503;530114;54;F
3504;520125;40;M
3505;771206;20;M
3506;610820;1;F
3507;461202;32;F
3508;701109;38;M
3509;650213;38;F
3510;391026;13;M
3511;630911;74;M
3512;460525;49;M
3513;220720;70;M
3514;180205;70;F
3515;750102;61;F
3516;710907;58;F
3517;530624;68;F
3518;550902;33;F
3519;491215;74;M
3520;280517;8;F
3521;640720;4;M
3522;630202;57;M
3523;640429;6;M
3524;451120;68;F
3525;740521;15;M
3526;770706;15;F
3527;780811;77;M
3528;701006;73;F
3529;730315;54;M
3530;710918;16;F
3531;200614;43;M
3532;350224;56;M
3533;631201;1;F
3534;710321;50;F
3535;730512;37;M
3536;220820;55;M
3537;460416;51;M
3538;440502;1;F
3539;200831;36;M
3540;360804;51;M
3541;340501;51;F
3542;390902;10;M
3543;410819;10;F
3544;610815;1;F
3545;661101;68;M
3546;710228;3;M
3547;240315;1;F
3548;750503;1;M
3549;370908;5;F
3550;690914;54;F
3552;401116;44;M
3554;651221;22;F
3555;680206;22;M
3556;271127;6;M
3557;281124;6;F
3558;280701;54;F
3559;391023;57;F
3560;440202;57;M
3562;310405;1;M
3563;261122;1;F
3564;480323;62;M
3565;620729;44;M
3566;320219;65;F
3567;480309;1;M
3568;410125;1;M
3569;330409;67;M
3570;450427;15;F
3571;700617;25;M
3572;281218;48;F
3573;720209;8;F
3574;460217;19;F
3575;371012;9;F
3576;390315;1;F
3577;421215;31;F
3578;271020;72;M
3579;300807;72;F
3580;290427;6;F
3581;671223;33;M
3582;550217;38;M
3583;420909;15;F
3584;410325;15;M
3585;681002;29;F
3586;430411;60;M
3587;391201;60;F
3588;531104;76;F
3589;610713;73;F
3590;760923;23;F
3591;300928;74;M
3592;250330;74;F
3594;610507;13;F
3595;650101;28;M
3596;750322;74;M
3597;330817;10;F
3598;230911;66;M
3599;310302;66;F
3600;430726;46;F
3601;380803;19;M
3602;401210;19;F
3603;540613;42;M
3605;340724;71;M
3606;580606;63;M
3607;460729;18;F
3608;471209;66;M
3609;551026;66;F
3610;190508;36;M
3611;720527;30;F
3612;620904;19;F
3613;690212;19;M
3614;711009;43;F
3615;740704;1;M
3616;640414;77;F
3617;541130;51;F
3618;530221;54;M
3619;550809;40;M
3620;370914;21;M
3621;390721;66;M
3622;380417;66;F
3623;650420;28;F
3624;820227;1;F
3627;810608;18;F
3628;270226;11;F
3629;471213;42;M
3630;231128;64;F
3631;211119;64;M
3632;430929;15;F
3633;331014;72;M
3634;230625;1;M
3635;210131;1;F
3636;780519;46;M
3637;590110;64;M
3638;431211;49;F
3639;280417;73;M
3640;780724;75;M
3641;790201;75;F
3642;610827;19;M
3643;801111;26;M
3644;510614;75;M
3645;750226;34;M
3646;430616;33;F
3647;480823;33;M
3648;800103;3;M
3649;591025;10;F
3650;180217;64;M
3651;181001;35;M
3652;200220;1;M
3653;170103;1;F
3654;240301;25;F
3655;680206;59;M
3656;250826;62;F
3657;210518;62;M
3658;240405;58;M
3659;301110;42;F
3660;740709;65;M
3661;321125;51;M
3662;310922;27;M
3663;470625;69;F
3664;510319;69;M
3667;710918;70;M
3668;721223;70;F
3669;620822;10;M
3670;800917;44;F
3671;430716;10;M
3672;481206;10;F
3673;511207;1;F
3674;801110;17;F
3675;520318;70;M
3676;651014;10;F
3677;600916;10;M
3678;340812;1;F
3679;310423;72;M
3680;230407;72;F
3681;210426;1;M
3682;240112;1;F
3683;770222;74;F
3684;611231;16;F
3685;740306;74;M
3686;621011;61;F
3687;720206;49;M
3688;750502;49;F
3689;790712;9;F
3690;600802;44;M
3691;650417;18;M
3693;220331;15;M
3694;200429;15;F
3695;341004;55;M
3696;390411;55;F
3697;540116;9;F
3698;710425;44;M
3699;680808;1;M
3700;760524;1;F
3701;540506;73;F
3702;521127;76;M
3703;310615;17;M
3704;620411;69;M
3705;650604;1;F
3707;410624;74;M
3708;580316;46;F
3709;550503;46;M
3710;280125;59;M
3711;680507;25;M
3712;690530;56;F
3713;440223;41;F
3714;531001;8;F
3716;530415;74;M
3717;250130;71;M
3718;290629;71;F
3719;300830;54;M
3720;361207;54;F
3721;541216;64;F
3722;560429;1;F
3723;680901;18;M
3724;250923;57;F
3727;700113;33;M
3728;360106;66;M
3729;410822;66;F
3730;450807;59;F
3732;460827;66;M
3733;460509;1;F
3734;431202;15;M
3735;380117;18;M
3736;320722;18;F
3737;480430;12;M
3738;780331;1;F
3739;560821;3;F
3740;291103;46;M
3741;360504;16;M
3742;611127;56;F
3743;581106;56;M
3745;710119;2;F
3746;750125;66;M
3747;641202;1;M
3748;300305;59;F
3749;430321;65;F
3750;381003;1;M
3751;661012;33;M
3752;610206;33;F
3753;590414;1;F
3754;470713;1;F
3755;510709;37;F
3756;711003;12;F
3757;220416;5;M
3758;630914;53;F
3759;611012;53;M
3760;550104;18;M
3761;750805;48;M
3762;590218;60;F
3763;770812;38;F
3764;780129;38;M
3765;560124;45;F
3766;800310;1;F
3767;360907;14;M
3768;440304;14;F
3769;570910;54;M
3770;250103;35;F
3771;420327;48;M
3772;360823;48;F
3773;640729;33;F
3774;221029;1;M
3775;281127;46;M
3776;780709;74;M
3777;750904;74;F
3779;490515;6;M
3780;771122;37;M
3781;750312;17;F
3782;800910;1;M
3783;680708;1;F
3784;741108;1;M
3785;200718;66;F
3786;200710;13;M
3787;780507;21;F
3788;550705;56;F
3789;641017;66;M
3790;360828;48;M
3791;390318;72;M
3792;720921;74;M
3793;510620;39;F
3794;760506;37;F
3795;820503;12;M
3796;530629;3;M
3797;510714;3;F
3798;541117;1;F
3799;290324;2;M
3800;540615;38;F
3801;480815;38;M
3802;250728;67;M
3803;300715;1;M
3804;330411;1;F
3805;421220;68;M
3806;670627;54;F
3807;471107;33;F
3808;430124;57;M
3811;520620;6;M
3812;670208;1;M
3813;780825;2;F
3814;450913;1;M
3815;690412;28;F
3816;660126;1;M
3817;371021;77;F
3818;420728;71;M
3819;360524;71;F
3821;390516;22;M
3822;531126;48;M
3823;561208;63;M
3824;710107;41;M
3825;650420;41;F
3826;210308;33;M
3827;230505;33;F
3829;720313;59;M
3830;680224;18;F
3831;180211;11;M
3832;250904;11;F
3833;350301;19;M
3834;760912;1;F
3835;310512;50;F
3836;481121;77;M
3837;210822;39;F
3838;291027;65;M
3839;370705;65;F
3840;330612;50;F
3841;190708;26;M
3842;760626;74;M
3843;420421;4;F
3844;631226;71;F
3845;590509;1;M
3846;800711;27;F
3847;590914;6;F
3848;380814;45;F
3849;321211;1;F
3850;570126;45;F
3851;611120;45;M
3852;520912;10;F
3853;800704;59;F
3854;590830;24;M
3855;390320;29;M
3856;440609;1;F
3857;521203;72;F
3858;480614;18;F
3859;410503;18;M
3860;380410;74;M
3861;510127;11;F
3862;470713;40;F
3863;391027;1;F
3864;311117;1;M
3865;771106;75;M
3866;770703;75;F
3868;621114;66;M
3869;460224;17;F
3870;710808;4;F
3871;790325;4;M
3872;300419;8;M
3873;601216;23;F
3874;420810;61;F
3875;300727;1;F
3876;230522;1;M
3877;560913;38;F
3880;610824;29;F
3881;470507;45;F
3882;420510;45;M
3883;650927;18;M
3884;631118;72;M
3885;400117;70;F
3886;650717;8;F
3887;200117;67;M
3888;161027;67;F
3890;581022;3;M
3891;581214;75;M
3892;790419;1;M
3893;691226;1;M
3894;410121;29;M
3895;450503;29;F
3896;231003;5;M
3897;510328;16;F
3898;480117;57;F
3899;190920;55;F
3900;430923;55;M
3901;510412;55;F
3902;491220;65;F
3903;480318;1;F
3904;390115;29;F
3905;350805;29;M
3906;361223;64;M
3907;541209;1;F
3908;291125;73;M
3909;230916;73;F
3910;190823;37;F
3911;521013;31;F
3912;450307;1;F
3913;510801;8;M
3914;200824;52;F
3915;770105;20;M
3916;700827;47;F
3917;671228;47;M
3918;740110;5;M
3919;420617;35;M
3920;250813;44;F
3921;580121;28;F
3922;280408;1;F
3923;351020;1;M
3924;710109;56;M
3925;360814;45;F
3926;721001;54;M
3927;480223;61;F
3928;280808;77;F
3929;571101;74;M
3930;210117;1;M
3931;211015;1;F
3932;391006;59;M
3933;460907;59;F
3934;681015;12;M
3935;391127;71;M
3936;620408;36;F
3937;630609;36;M
3938;800122;27;M
3939;531106;40;M
3942;520813;53;M
3943;451204;1;M
3944;360101;8;M
3945;311025;8;F
3946;750511;1;M
3947;670525;23;M
3948;790523;44;F
3949;740826;44;M
3950;240321;38;M
3951;200722;38;F
3952;651228;52;F
3953;250609;14;F
3954;571031;64;M
3955;600531;64;F
3956;750602;21;F
3957;710812;21;M
3958;460430;37;F
3959;700715;30;F
3960;640106;8;M
3961;430403;53;F
3962;521128;74;M
3963;740207;76;M
3964;420507;74;M
3965;630516;1;M
3966;691007;1;F
3967;600926;18;F
3968;550615;18;M
3969;510219;4;F
3970;800809;46;F
3971;660220;1;M
3972;300601;1;M
3973;820820;1;F
3974;380824;68;M
3975;540719;1;F
3976;670913;43;M
3977;750927;8;M
3978;701215;18;M
3979;281014;54;F
3980;530713;1;M
3981;790616;19;M
3982;190115;45;F
3983;260522;1;F
3984;640313;1;F
3985;790416;75;F
3987;601107;67;M
3988;740904;53;F
3989;800327;53;M
3990;730203;29;M
3991;670517;11;M
3992;481110;71;F
3993;800307;14;F
3994;650131;21;F
3995;480815;1;F
3996;470716;36;F
3997;270105;13;F
3998;500603;59;F
3999;760116;30;F
4000;571022;40;M
4001;560129;69;M
4002;200629;25;F
4003;490423;8;M
4004;570812;30;F
4006;780507;25;F
4007;481107;23;M
4008;510508;23;F
4009;660629;4;M
4010;480617;4;F
4011;571219;62;F
4012;561009;56;F
4013;511206;1;F
4014;800906;17;M
4015;721227;65;F
4016;710525;13;F
4017;640515;13;M
4018;800907;3;F
4019;450916;11;M
4020;530331;45;F
4021;481210;45;M
4022;260210;1;M
4023;250517;1;F
4024;641016;3;M
4025;711007;3;F
4026;450924;76;F
4027;650628;16;F
4028;700808;16;M
4029;670103;17;M
4030;760921;44;F
4031;750522;67;M
4032;640802;35;F
4033;251015;51;M
4034;370717;58;M
4035;300820;58;F
4036;760709;25;F
4037;661022;1;F
4040;610517;59;F
4041;540126;59;M
4042;390904;1;M
4043;530509;70;F
4044;300429;44;F
4046;441218;1;F
4047;370128;1;M
4048;231124;4;M
4049;450913;4;M
4050;481230;47;M
4051;491006;74;M
4052;501017;74;F
4053;290923;70;F
4054;590208;72;F
4055;530601;74;F
4056;520726;63;F
4057;220611;70;F
4059;240511;54;M
4060;540621;44;F
4061;781224;8;M
4062;500808;71;M
4063;660216;61;F
4064;720208;61;M
4065;420627;73;M
4066;361128;30;F
4067;590708;21;F
4068;240625;11;M
4069;590307;68;M
4070;590523;68;F
4071;421215;45;F
4072;410508;45;M
4073;550210;24;M
4074;580608;24;F
4075;440918;8;F
4076;691117;49;M
4077;550306;68;F
4078;510604;23;M
4079;550629;27;M
4080;430926;21;F
4081;780603;9;M
4082;610115;58;F
4083;680130;74;F
4084;571005;55;M
4085;521204;55;F
4086;411222;63;F
4087;460216;64;F
4088;481218;68;F
4089;470227;68;M
4090;710622;23;M
4091;820907;29;F
4092;331111;14;F
4093;460929;1;M
4094;791219;2;M
4095;740914;25;M
4096;800316;25;F
4098;380328;13;M
4099;450503;12;F
4100;550313;74;M
4101;700507;1;F
4102;690815;4;F
4103;650519;4;M
4104;190410;23;M
4105;801115;16;F
4106;361109;1;M
4107;540909;49;M
4108;260126;43;F
4109;530811;63;M
4112;741128;38;M
4113;470909;76;F
4114;640209;63;M
4115;430327;33;M
4116;361124;36;M
4117;180701;53;F
4118;780617;28;M
4119;620220;62;F
4120;610306;62;M
4121;230212;23;M
4122;690918;39;M
4123;661112;39;F
4124;631110;19;F
4125;220417;31;F
4126;750909;74;M
4127;700526;74;F
4129;520331;75;F
4131;760602;48;M
4132;621015;42;M
4133;650322;42;F
4134;540212;1;F
4136;590106;31;M
4137;490830;21;M
4138;680918;11;F
4139;690720;74;M
4140;631004;70;M
4141;700318;9;M
4142;600611;36;M
4143;550824;27;M
4144;550911;27;F
4145;221202;73;F
4146;550613;9;F
4147;721223;64;M
4148;680208;64;F
4149;790307;1;M
4150;770810;1;F
4151;260717;73;F
4152;270607;73;M
4153;560412;32;M
4154;531025;32;F
4155;230513;1;M
4156;621102;5;F
4157;720509;1;M
4158;200710;35;F
4159;131206;35;M
4160;690627;16;F
4161;720909;22;F
4163;510607;4;M
4164;241022;45;F
4165;550313;53;M
4166;470226;1;M
4167;490531;6;F
4169;800219;58;F
4170;830827;58;M
4171;800518;1;M
4172;450429;1;F
4173;780604;52;F
4174;270211;63;M
4175;650106;13;F
4176;220831;32;M
4177;351225;34;M
4178;260831;32;M
4179;200729;54;M
4180;320617;63;M
4181;640515;76;F
4182;410623;16;M
4183;401113;16;F
4184;750426;8;F
4185;640423;51;F
4186;781014;38;M
4187;670828;25;F
4188;760817;1;M
4189;411207;64;M
4190;421117;17;M
4191;570106;32;F
4192;311121;72;M
4193;370228;8;F
4194;400103;63;F
4195;450730;63;M
4196;510116;55;F
4198;541017;23;F
4199;611219;23;M
4201;770719;3;M
4202;700520;3;F
4203;670108;1;F
4204;600603;1;M
4205;350205;30;M
4206;421009;22;M
4207;380302;70;M
4209;330223;70;F
4210;790915;40;M
4211;730417;22;F
4212;450527;53;M
4213;250627;64;F
4214;210703;64;M
4215;520608;49;F
4217;510625;9;F
4218;391006;48;F
4219;440104;51;F
4220;630915;33;M
4221;410926;63;F
4222;280816;60;M
4223;700530;54;M
4224;770403;42;F
4225;770808;76;M
4226;570408;31;M
4227;631224;51;F
4229;611005;36;M
4230;611111;74;F
4231;590808;1;F
4232;710215;70;M
4233;380215;46;M
4234;721108;70;F
4235;751115;9;F
4236;620117;42;F
4237;230731;16;F
4238;710426;41;F
4239;201211;70;M
4240;601021;46;F
4241;500330;20;F
4242;540427;20;M
4243;580126;7;M
4244;220812;68;F
4245;190923;68;M
4246;800909;36;F
4247;750116;26;F
4248;750507;9;F
4249;770521;52;M
4250;610906;72;F
4251;600426;44;M
4252;530528;44;F
4253;360519;16;F
4254;720305;65;M
4255;250628;66;F
4256;570329;70;M
4257;680629;1;F
4258;660511;44;F
4259;490616;10;F
4260;670601;12;M
4261;240804;34;F
4262;250424;59;F
4263;720626;73;F
4264;710621;74;F
4265;780119;59;M
4266;740126;1;F
4267;360421;24;F
4268;280611;24;M
4269;550907;45;F
4270;720205;58;F
4271;640723;58;M
4272;780830;42;F
4273;761129;18;F
4274;370524;70;F
4275;570626;49;F
4276;730805;74;F
4277;791105;74;M
4278;491118;33;M
4279;491013;51;M
4280;440108;55;F
4281;310413;54;M
4282;320609;3;M
4283;240905;27;M
4284;461126;68;M
4285;451228;68;F
4286;650928;6;F
4287;531007;62;F
4288;460308;70;F
4289;811123;66;M
4290;470309;32;M
4291;510507;58;F
4292;520719;72;M
4293;591216;4;F
4294;560622;4;M
4295;600316;18;M
4296;251106;57;M
4297;281016;57;F
4298;200418;33;M
4299;770915;50;F
4300;771115;1;F
4301;560503;14;F
4302;440104;30;F
4303;780305;21;F
4304;450615;5;F
4305;390621;40;F
4306;401017;40;M
4307;770414;1;M
4308;700110;44;F
4309;790426;39;F
4310;250530;65;F
4311;810412;59;M
4312;791020;72;F
4313;680221;53;F
4314;250524;58;F
4315;590425;74;F
4316;430826;1;F
4317;781011;53;F
4318;420911;43;F
4319;461106;43;M
4320;581104;66;F
4321;731018;19;F
4322;701001;19;M
4323;240320;40;M
4324;180722;40;F
4325;470719;55;M
4326;300920;1;M
4327;370823;1;F
4328;760613;59;F
4329;470518;64;F
4330;210702;33;M
4331;590903;5;M
4332;360111;57;M
4333;580420;1;M
4334;540219;1;F
4335;241225;54;F
4336;690802;19;F
4337;660421;48;M
4338;441025;30;M
4339;770915;59;F
4340;490718;1;F
4341;640501;76;M
4342;180407;63;F
4343;290809;27;F
4344;250615;54;M
4345;740929;18;F
4346;730920;3;F
4347;260620;54;F
4348;780417;3;F
4349;590822;1;F
4350;660820;1;M
4352;710724;72;M
4353;790919;28;F
4354;860813;28;M
4355;381229;1;F
4358;421024;70;M
4359;500802;64;M
4360;650710;19;F
4361;550504;46;M
4362;430916;50;M
4363;510701;50;F
4364;771205;22;M
4365;610512;10;M
4367;820330;14;M
4368;771021;32;F
4369;650615;53;M
4370;390628;59;M
4371;681212;32;M
4372;331011;3;M
4373;511220;51;M
4376;540305;70;M
4377;780131;48;M
4380;310513;1;M
4381;590125;56;M
4382;801020;18;M
4383;630801;21;M
4384;730112;10;F
4385;721002;21;F
4386;451227;53;F
4387;460218;52;M
4388;360916;4;F
4389;260701;10;F
4390;720429;7;F
4393;410911;1;F
4394;751230;64;F
4395;580516;36;F
4396;741107;63;F
4397;731126;63;M
4398;580723;77;M
4399;671120;61;F
4400;590829;54;F
4401;680720;8;M
4402;290411;23;M
4403;381019;36;F
4404;510409;31;F
4405;590417;47;F
4406;541101;1;M
4407;750706;70;M
4408;230519;62;M
4409;280122;62;F
4410;760112;24;F
4411;500102;54;M
4412;521126;54;F
4413;770504;74;M
4414;330619;50;M
4415;770709;4;M
4416;701225;67;M
4417;760424;1;M
4418;700519;28;M
4420;570506;55;M
4421;440627;1;F
4422;430731;76;F
4423;180524;27;M
4424;330506;21;M
4425;361015;21;F
4426;690913;26;F
4427;401103;30;M
4428;540309;38;M
4429;450402;64;M
4430;380627;64;F
4431;300930;58;M
4432;640314;1;F
4433;680222;1;M
4434;640329;64;M
4435;651030;64;F
4436;200428;27;M
4437;611026;70;F
4438;571204;70;M
4439;750325;70;M
4440;481226;33;M
4441;431007;33;F
4442;210429;23;F
4444;690328;77;M
4445;640414;77;F
4446;501011;71;F
4447;570816;71;M
4448;420502;72;F
4449;491108;8;M
4450;490105;67;F
4451;271019;50;F
4452;240608;70;F
4453;760529;61;F
4454;760209;61;M
4455;760729;70;M
4456;361023;30;M
4457;430117;1;M
4458;501223;22;F
4459;620521;1;F
4460;570224;1;M
4461;570422;54;F
4462;770913;1;M
4463;230817;76;M
4464;641119;53;M
4465;370602;74;M
4466;221007;75;F
4467;441117;20;F
4468;440504;20;M
4469;730228;8;F
4471;750611;64;F
4472;650725;74;M
4473;441227;1;M
4474;641209;3;F
4476;270113;3;M
4477;570118;74;M
4478;520514;74;F
4479;580724;2;F
4480;630330;74;M
4481;750616;1;M
4482;790117;56;M
4483;660829;63;F
4484;550411;37;M
4485;190720;36;M
4486;140614;36;F
4487;740814;22;M
4488;710403;22;F
4489;480324;76;M
4490;560218;76;F
4491;770713;2;F
4492;650908;16;F
4493;471005;33;M
4494;521109;54;M
4495;790411;66;M
4496;710219;10;M
4497;640914;10;F
4498;311228;31;M
4499;290928;31;F
4500;240812;17;M
4501;470318;70;F
4502;320110;21;M
4503;280528;21;F
4504;651124;33;F
4505;660706;33;M
4506;541130;11;F
4507;700803;1;M
4508;211114;54;M
4509;200312;54;F
4510;381228;34;F
4511;450427;51;F
4512;631019;1;M
4514;401225;65;M
4515;200928;59;F
4516;610927;1;F
4518;520404;39;F
4519;511031;70;F
4520;570628;1;F
4521;430909;1;M
4522;501101;68;F
4523;520309;68;M
4524;570714;77;M
4525;640717;77;F
4526;700424;70;F
4527;630204;1;F
4528;220109;28;M
4529;760916;37;M
4530;840918;37;F
4531;640625;64;F
4532;531009;39;M
4533;800129;64;M
4534;541224;38;M
4535;311203;1;F
4536;471014;41;M
4539;421212;55;M
4540;360116;69;M
4541;710302;32;F
4542;540206;29;M
4543;411201;1;M
4544;550613;52;F
4545;360120;3;F
4546;510420;23;F
4547;431230;9;F
4548;580105;7;M
4549;201030;10;F
4550;421017;72;F
4551;240429;60;M
4552;190228;60;F
4553;450223;1;F
4554;370724;70;M
4555;600807;52;M
4556;700531;74;M
4557;321024;44;F
4558;280927;44;M
4559;580309;35;F
4560;631020;9;M
4561;680629;40;F
4562;651011;25;M
4563;710725;10;F
4564;750825;10;M
4565;480303;14;M
4567;370212;70;M
4568;820426;70;M
4569;710709;6;F
4570;391103;1;F
4571;671107;1;M
4572;360521;28;F
4573;551012;5;F
4574;661112;20;F
4575;640920;36;F
4576;580627;53;M
4577;490725;64;F
4578;761227;15;M
4579;390701;74;F
4580;441124;30;F
4581;560616;1;F
4582;181012;44;M
4583;410824;61;F
4584;490624;7;F
4585;480910;9;F
4586;510813;9;M
4587;780506;36;F
4588;761105;53;F
4589;760915;2;F
4590;360317;1;M
4591;330819;43;M
4592;550329;1;F
4593;320703;72;M
4594;401125;1;M
4595;401129;1;F
4596;730831;74;F
4597;520519;1;F
4598;410412;25;F
4599;471205;25;M
4600;670313;70;M
4601;350402;1;M
4602;340404;1;F
4603;460726;69;F
4604;681002;67;M
4605;800909;18;F
4606;371014;8;M
4607;761116;74;F
4608;450118;41;M
4609;761219;7;F
4610;660102;34;F
4611;530510;1;F
4612;600923;44;F
4615;510731;56;M
4617;771220;45;M
4618;720327;45;F
4619;410220;77;F
4620;401101;54;F
4621;460210;54;M
4622;720525;50;F
4623;670509;68;M
4624;660524;48;F
4625;670304;48;M
4626;471124;3;F
4627;420324;1;M
4628;380531;1;F
4629;230510;76;M
4630;150927;76;F
4631;330401;8;F
4632;280418;1;M
4633;801031;62;F
4634;400309;67;F
4635;360228;67;M
4636;770922;48;M
4637;690213;61;M
4638;680226;33;F
4639;800516;20;M
4640;560507;75;F
4641;580212;33;M
4642;600803;33;F
4643;690721;1;F
4644;310119;20;M
4647;780820;8;M
4648;640124;33;M
4649;280625;45;F
4650;650715;54;F
4651;790124;2;M
4652;620226;53;M
4653;461218;4;F
4654;500215;2;F
4655;471014;2;M
4656;420916;1;M
4657;410913;15;M
4658;351011;33;M
4659;590414;50;F
4660;750706;60;F
4661;440511;1;F
4662;270210;1;F
4663;421029;72;M
4664;210805;38;M
4665;260827;9;F
4666;280612;9;M
4667;410426;25;M
4668;380625;25;F
4670;680814;51;F
4671;720727;51;M
4672;490828;44;M
4673;520816;69;M
4674;781227;59;F
4675;751002;23;M
4677;210929;3;F
4678;681206;21;M
4679;480131;20;M
4680;790524;72;F
4681;491008;1;F
4682;530811;1;M
4683;560802;51;M
4684;530305;1;F
4685;640714;62;M
4686;440702;39;M
4687;471219;16;F
4688;400911;16;M
4689;630426;50;M
4690;620826;66;F
4691;640128;66;M
4692;550406;76;F
4693;430302;42;M
4694;430415;42;F
4695;251211;52;M
4696;330412;52;F
4697;570925;27;F
4698;630331;45;M
4699;631112;13;F
4700;370615;70;F
4701;410628;22;M
4704;550429;12;F
4705;550912;1;M
4706;430711;58;F
4707;401105;58;M
4708;500714;18;M
4709;780416;54;M
4710;610509;52;F
4711;550723;52;M
4712;600606;37;F
4713;181104;13;F
4714;110820;13;M
4715;760812;15;F
4716;330802;10;F
4717;440809;32;M
4718;321122;2;M
4719;370218;23;M
4720;460506;33;F
4721;560321;65;F
4722;720128;8;M
4723;410206;1;F
4724;731014;53;F
4725;451117;34;M
4726;520704;34;F
4727;701123;74;F
4728;701031;74;M
4729;450707;18;M
4730;200504;68;M
4731;730211;52;F
4732;180317;70;M
4733;550717;1;M
4734;250321;72;M
4735;221023;72;F
4736;430528;56;F
4737;810601;24;F
4739;600308;37;F
4740;770612;28;M
4741;290729;74;F
4742;490413;61;F
4743;560925;61;M
4744;291218;6;M
4745;480804;68;F
4746;410720;39;F
4747;220427;76;F
4748;280126;76;M
4749;480119;57;F
4750;620404;70;M
4751;730108;35;M
4752;391009;7;M
4753;340218;7;F
4754;391228;27;F
4755;540905;71;F
4756;500108;22;F
4757;451009;22;M
4758;730109;50;F
4759;800221;50;M
4760;350327;70;M
4761;341128;70;F
4762;710213;76;F
4763;440223;77;F
4764;791015;54;M
4765;350306;48;M
4766;670527;22;M
4767;180921;26;F
4768;600403;1;F
4769;230123;22;F
4770;241213;22;M
4771;610107;64;F
4772;500129;6;F
4773;520613;33;F
4774;510814;59;M
4775;480722;59;F
4776;741222;1;M
4777;290623;64;F
4778;220307;64;M
4779;780210;52;M
4780;720201;54;F
4781;660815;9;F
4782;661228;25;M
4783;781016;31;F
4784;201208;42;F
4785;211006;42;M
4786;380816;54;M
4787;620312;36;M
4788;800427;39;F
4789;400926;24;F
4790;460209;75;M
4791;360215;51;M
4792;570525;20;F
4793;460215;55;F
4794;451116;20;F
4795;250918;74;F
4796;280311;7;M
4797;400903;59;F
4798;620102;37;F
4799;460320;75;F
4800;530814;75;M
4801;781125;23;M
4802;710706;75;M
4803;450807;45;M
4804;300207;51;F
4805;350313;1;F
4806;440201;19;F
4807;481228;25;M
4808;811124;23;F
4809;301101;19;M
4810;350126;19;F
4811;710326;77;F
4812;250626;1;M
4813;681025;43;M
4814;620228;54;M
4815;700917;15;M
4816;740304;15;F
4817;690904;12;M
4818;320313;1;M
4819;640413;62;M
4820;690919;2;F
4821;390608;35;F
4822;451013;35;M
4823;820416;7;M
4824;400305;54;M
4826;771227;25;F
4831;580814;27;M
4832;570109;56;F
4833;710228;30;F
4836;521231;49;M
4837;670313;56;F
4853;390301;58;M
4861;771101;57;F
4862;431123;1;F
4863;740302;1;F
4877;570219;45;M
4882;781221;36;M
4886;791209;23;M
4892;690308;26;M
4901;500508;72;F
4904;610419;38;F
4906;761019;64;F
4907;740531;64;M
4915;630719;40;M
4916;390109;52;M
4918;680506;11;M
4919;510526;49;F
4923;620702;66;M
4925;510618;45;M
4927;550316;72;F
4928;760209;9;M
4929;430730;74;M
4930;810730;1;M
4937;601109;54;F
4941;790225;60;F
4942;590705;38;M
4944;820407;58;M
4949;821020;54;M
4956;461010;6;M
4959;790425;77;M
4961;820731;54;M
4968;380526;50;M
4969;680720;64;F
4972;770713;70;F
4974;620630;5;F
4975;611021;5;M
4976;810118;36;M
4979;370628;7;M
4989;350904;28;M
4992;720714;55;F
4993;730627;1;F
4994;780621;1;M
5002;770717;65;F
5010;500908;42;F
5012;720922;27;F
5013;800915;1;M
5016;460105;1;F
5028;760410;28;M
5030;800115;1;M
5046;370822;1;M
5050;510119;62;M
5056;570204;67;F
5067;750910;21;F
5072;810324;1;F
5081;611031;1;F
5093;490412;55;F
5107;471006;50;F
5108;440522;50;M
5111;591212;50;M
5117;750321;52;M
5126;650403;43;M
5127;750405;33;F
5128;631224;70;M
5132;671021;51;M
5133;590810;66;F
5134;670719;58;F
5137;790505;5;M
5138;740805;45;F
5141;530519;54;F
5143;730309;77;M
5144;660607;77;F
5145;501031;26;F
5149;621218;15;M
5152;750909;43;F
5159;641202;39;M
5163;571028;43;F
5164;711130;9;M
5171;560923;64;F
5175;490918;63;F
5180;431220;1;M
5189;610110;74;F
5200;600423;33;F
5201;540419;33;M
5203;450908;61;F
5204;630122;47;M
5212;461012;72;F
5213;801010;1;M
5214;760912;47;M
5215;731015;47;F
5217;400716;74;F
5223;770111;2;F
5224;490724;29;M
5232;480406;74;F
5233;671030;66;M
5236;780603;25;M
5237;770803;1;M
5240;400217;74;M
5241;780626;63;M
5243;700418;2;M
5245;420318;38;F
5246;820515;70;M
5247;430414;47;M
5249;710105;5;F
5253;461007;69;F
5254;480916;69;M
5263;620227;1;F
5273;590110;39;M
5275;500521;28;M
5277;681107;44;F
5281;411224;73;M
5283;820310;17;M
5284;710924;51;F
5287;710102;77;M
5308;740709;41;F
5312;470108;71;M
5313;470116;71;F
5318;680328;74;M
5319;640923;74;F
5320;510407;17;F
5321;500201;17;M
5322;560313;73;F
5323;760217;14;F
5325;700918;66;F
5326;670812;66;M
5333;670529;39;F
5334;351229;48;M
5337;610502;1;M
5338;660525;1;F
5347;490331;41;M
5352;760818;40;F
5353;670522;48;F
5354;670105;30;F
5358;420831;54;M
5362;391209;47;M
5364;640314;62;M
5365;710501;62;F
5366;710920;60;F
5367;790606;60;M
5374;471126;63;M
5376;700123;14;M
5379;780320;60;M
5384;350721;73;M
5385;740201;67;M
5389;680831;17;M
5392;550328;16;F
5393;551203;4;M
5395;620601;45;M
5397;690730;72;F
5398;670323;72;M
5399;721227;24;F
5402;680529;30;F
5404;760918;58;F
5409;480325;15;M
5413;460410;33;M
5420;350719;61;M
5433;750924;50;M
5441;570125;18;M
5445;520916;69;M
5450;400828;8;M
5460;611001;63;M
5461;680920;9;F
5462;630908;9;M
5468;440527;68;F
5469;790302;63;F
5472;560510;53;M
5473;680809;70;F
5478;451027;33;M
5487;470917;56;F
5517;640313;57;M
5521;730515;9;F
5526;470319;27;M
5527;411128;27;F
5530;530329;12;M
5531;790515;4;M
5539;350605;74;M
5563;760101;1;M
5565;661222;3;F
5574;700912;9;F
5579;510216;77;M
5580;520301;77;F
5606;800806;4;M
5617;580801;56;F
5618;530322;63;F
5642;571104;70;F
5684;550302;8;F
5699;501008;73;M
5701;591122;2;F
5704;751009;66;F
5722;591007;64;F
5727;530224;54;M
5736;530516;1;M
5753;480523;39;M
5760;480508;66;M
5761;410511;66;F
5774;600115;46;F
5775;550310;46;M
5788;620504;72;M
5801;791210;26;F
5826;680909;15;M
5827;750128;15;F
5858;520717;52;M
5859;450129;52;F
5860;640422;47;M
5866;780403;67;F
5873;790406;5;F
5911;351003;14;M
5928;700910;42;F
5965;510410;50;M
5977;790531;43;M
5978;440127;33;F
6001;370501;60;M
6015;731121;54;M
6033;660527;1;M
6034;390815;20;M
6039;580703;1;F
6040;630410;1;M
6042;631012;53;M
6052;490406;40;M
6067;500313;70;F
6077;800430;54;F
6112;581228;43;F
6114;400215;66;F
6115;531225;13;F
6122;680216;6;F
6144;561219;54;F
6175;640517;72;M
6178;401015;1;F
6183;631116;1;M
6185;480305;58;F
6186;520527;58;M
6191;521224;74;M
6196;430309;68;M
6235;400404;5;M
6255;460101;54;F
6256;410521;54;M
6257;420820;75;F
6272;421010;1;M
6275;561230;13;M
6299;360809;1;M
6301;490308;55;F
6317;570127;77;F
6318;500305;77;M
6342;540604;8;M
6349;721203;72;M
6359;760706;64;M
6363;731020;4;F
6366;660221;49;M
6367;700428;44;M
6383;700107;15;M
6391;520130;34;M
6408;560629;47;M
6417;500107;40;M
6422;600923;28;M
6452;420717;64;M
6468;440223;70;M
6469;530316;4;M
6473;400930;76;F
6474;341130;76;M
6478;510520;3;M
6481;581224;1;F
6485;620521;48;F
6499;630201;44;M
6501;701104;1;M
6511;530807;47;M
6544;740804;66;M
6545;780909;66;F
6546;630822;1;F
6551;480812;24;F
6552;550221;71;M
6567;781121;5;F
6571;710324;72;F
6604;480726;72;M
6610;540603;57;M
6616;530618;1;M
6619;431218;43;F
6644;590906;1;F
6691;421015;43;M
6698;520713;43;F
6729;571227;15;M
6731;431126;13;M
6749;430929;9;F
6750;460604;9;M
6753;620523;15;M
6764;440412;19;M
6789;790326;57;M
6798;480803;61;F
6803;801207;5;F
6804;810607;5;M
6827;690428;59;M
6829;631224;10;F
6844;710905;53;F
6886;420313;66;F
6892;510322;1;F
6893;440114;1;M
6895;710624;42;M
6906;490925;64;M
6922;390427;14;F
6924;670823;17;M
6936;590227;52;F
6944;700313;43;M
6946;700129;74;F
6967;531217;44;M
6978;650405;38;M
6987;680129;1;M
7010;670630;70;M
7011;610414;70;F
7043;400630;77;M
7065;710707;5;F
7100;610923;30;F
7102;670720;75;F
7112;610624;76;M
7127;570929;3;M
7150;630916;45;F
7166;640513;15;M
7186;440601;27;F
7195;620911;50;M
7234;650804;28;M
7241;570906;57;F
7286;700210;47;F
7291;401202;77;F
7299;380916;1;M
7311;490518;56;M
7324;630318;1;F
7325;750124;24;M
7327;590522;49;M
7339;740228;19;F
7348;771026;6;F
7366;730412;29;F
7390;371104;1;M
7411;630125;54;F
7412;551017;54;M
7422;581126;74;M
7423;640908;74;F
7434;420404;34;F
7435;570416;67;F
7521;600209;74;F
7567;370315;5;M
7576;620710;38;M
7586;730128;56;F
7594;490407;64;F
7614;770305;64;M
7632;480111;1;M
7672;530405;26;M
7678;620407;3;M
7683;460401;12;M
7723;660614;48;F
7724;680223;48;M
7727;580613;31;F
7753;780923;70;F
7765;580224;1;F
7772;761230;1;F
7787;510710;34;M
7796;750927;50;F
7797;700730;50;M
7800;570830;16;F
7814;760106;61;F
7815;460119;4;F
7843;660511;6;M
7855;640130;7;F
7862;651017;74;M
7863;590312;72;M
7864;351214;34;M
7914;661024;38;F
7959;780629;1;F
7970;671120;74;M
7980;760808;16;M
8013;420622;43;M
8030;670719;1;M
8064;661129;54;F
8074;581007;61;M
8076;500727;16;F
8089;650406;35;M
8091;710210;5;M
8096;791102;38;F
8105;630312;72;M
8130;760508;62;F
8200;440531;1;F
8217;780802;69;M
8276;790608;43;F
8287;360926;14;M
8295;510123;15;F
8327;450831;48;F
8333;660201;60;M
8342;790730;76;M
8356;690904;3;M
8359;791206;74;M
8362;750915;74;F
8366;600521;41;F
8392;660508;36;F
8393;660506;36;M
8432;680106;38;F
8433;610911;38;M
8463;470904;75;M
8489;521227;75;F
8502;430419;51;M
8506;791225;69;F
8510;470524;55;M
8548;450510;57;F
8568;711203;1;F
8571;351026;54;M
8598;571231;46;F
8610;480502;55;F
8611;481026;55;M
8615;390413;12;F
8636;411112;71;F
8661;540511;1;F
8666;710828;7;F
8667;670212;77;F
8670;430107;5;F
8677;550814;49;M
8678;620712;49;F
8692;530707;71;F
8726;530810;10;M
8737;480411;17;F
8738;480710;17;M
8764;400707;70;F
8777;530411;11;F
9173;450204;1;M
9174;401009;1;F
9196;390423;21;F
9202;620209;68;M
9217;400130;19;F
9226;391225;64;F
9231;720924;29;F
9236;560507;31;F
9250;630114;1;M
9273;550826;39;F
9274;580405;39;M
9276;461106;4;M
9313;600417;9;F
9316;581026;63;F
9340;670822;54;M
9346;721210;43;M
9362;730719;56;F
9366;750626;72;M
9370;751220;59;M
9403;740322;16;M
9417;490308;21;M
9418;500410;1;M
9419;501109;1;F
9427;701109;62;F
9428;650509;62;M
9433;450322;72;F
9450;431011;68;F
9451;420505;68;M
9456;411207;40;F
9457;780926;46;M
9458;731121;46;F
9505;580821;1;M
9546;551102;50;F
9555;470515;13;F
9569;500718;19;F
9582;420414;2;F
9593;680128;74;F
9606;490216;52;M
9611;580527;23;M
9616;620919;74;M
9641;450126;64;M
9642;370903;64;F
9663;450924;19;M
9664;441113;19;F
9670;480504;38;M
9675;700219;60;F
9680;770821;36;M
9702;511116;33;F
9715;771130;35;F
9717;521110;52;F
9718;590203;52;M
9721;541205;34;M
9755;510605;23;F
9760;690217;27;M
9775;600623;70;M
9776;610305;70;F
9798;500302;69;F
9820;680121;59;F
9833;640921;51;M
9834;600317;51;F
9844;450803;55;M
9845;430615;55;F
9846;670701;54;F
9872;670317;9;F
9880;701210;10;F
9914;421208;36;M
9915;670710;27;M
9929;670719;47;F
9930;720623;9;M
9933;411015;74;M
9945;680414;31;F
9946;600420;31;M
9973;451003;24;F
9987;500619;73;F
9995;580707;54;M
9997;620607;67;M
10023;730320;59;F
10040;681030;37;F
10041;680417;37;M
10043;651029;45;M
10046;460917;5;F
10066;630523;64;F
10070;740423;9;M
10075;640701;48;M
10076;691225;26;F
10077;730627;26;M
10090;800314;29;F
10095;760206;1;F
10096;780105;1;M
10145;650725;4;F
10159;380106;50;M
10198;760524;31;M
10199;790813;31;F
10200;800216;13;F
10201;851019;13;M
10209;751027;59;M
10269;400511;70;F
10273;580927;51;F
10274;561011;51;M
10275;700125;77;F
10276;761116;77;M
10282;790619;1;M
10287;620903;48;F
10288;590607;48;M
10303;620405;64;M
10350;610914;29;F
10351;581110;29;M
10355;760710;14;F
10382;650217;20;F
10389;430815;20;F
10459;640809;17;F
10475;480828;51;F
10476;501204;51;M
10479;551020;2;F
10492;371111;70;M
10510;450126;23;F
10511;500115;23;M
10517;800912;54;F
10528;520216;47;F
10543;450223;14;F
10555;351215;1;M
10563;490107;68;M
10564;540319;68;F
10566;421109;74;F
10636;710803;64;M
10639;540129;2;M
10654;620716;46;F
10662;490825;60;F
10702;380503;17;M
10703;430428;17;F
10714;460331;66;F
10746;710804;53;M
10777;800127;70;F
10778;760319;70;M
10798;800323;1;F
10813;790513;1;F
10818;720804;64;M
10828;571123;1;F
10912;630109;15;M
10960;420220;28;M
10963;440615;1;M
10987;611003;62;F
10988;640613;62;M
10997;720206;1;F
10998;671219;1;M
11004;471116;63;M
11008;690519;51;F
11034;720219;1;M
11050;570504;70;F
11063;551104;64;F
11064;530709;64;M
11083;531017;61;M
11093;590129;40;M
11105;570201;70;F
11114;520726;1;M
11121;710410;72;F
11122;790610;72;M
11123;480129;47;M
11126;650122;1;F
11130;610408;1;F
11131;570726;1;M
11136;440727;3;F
11147;720712;5;F
11149;650714;43;M
11195;531205;58;M
11208;570305;10;F
11250;460923;26;F
11252;651208;32;F
11266;380925;9;M
11267;360826;9;F
11271;371208;18;M
11274;690414;64;M
11275;630418;64;F
11286;401127;56;F
11304;601020;28;F
11314;360602;45;M
11319;420414;1;F
11327;471021;72;M
11329;610131;69;F
11331;441214;70;F
11337;690403;29;M
11359;720820;11;M
11360;720419;11;F
11362;660111;51;F
11371;411104;37;F
11372;610928;11;M
11379;520528;74;M
11380;510406;74;F
11381;790726;57;F
11405;640729;68;F
11406;701115;68;M
11409;800502;32;F
11461;740708;70;M
11491;580516;36;F
11497;590717;11;F
11516;381109;59;M
11517;400521;59;F
11545;660122;1;F
11574;440420;1;F
11596;401204;70;F
11598;770923;54;F
11609;570211;59;M
11637;510612;73;M
11638;540824;73;F
11662;720403;76;M
11676;430312;5;F
11683;800128;7;M
11685;650723;64;F
11686;481018;21;F
11687;450123;21;M
11701;490414;9;M
11709;610803;1;M
11710;670619;1;F
11713;510411;59;F
11714;450704;59;M
11732;570520;19;F
11754;661103;62;M
11755;450716;4;F
11768;710912;1;F
11794;701007;31;F
11795;770223;31;M
11804;441212;74;M
11851;700402;65;M
11855;571201;11;M
11857;520826;70;M
11860;250830;70;F
11866;370902;1;M
11867;341119;1;F
11873;631120;38;F
11874;690119;1;M
11875;670623;1;F
11886;410913;61;F
11906;441203;76;M
11907;451116;76;F
11911;391024;8;M
11943;610709;1;M
11947;640529;70;M
11976;391027;54;F
11977;440701;54;M
11978;711009;54;M
11979;771209;54;F
12003;760623;74;M
12050;430530;52;M
12051;360930;52;F
12079;720812;64;F
12092;770515;68;M
12095;390227;47;M
12102;680907;21;F
12133;640626;27;F
12144;801123;2;M
12145;820625;2;F
12163;540616;1;M
12181;610819;1;M
12220;711112;60;F
12221;710224;60;M
12303;740405;24;F
12308;781129;64;M
12324;780306;8;M
12325;641030;8;M
12328;440408;1;F
12344;400620;26;F
12358;430705;17;M
12359;351013;17;F
12376;590217;4;M
12378;460827;76;F
12382;551129;1;M
12383;630513;1;F
12396;700117;62;F
12397;730602;62;M
12416;730530;1;M
12417;740103;1;F
12432;650307;55;M
12464;591217;39;M
12468;690704;22;M
12485;650410;34;F
12490;800814;34;M
12547;631013;70;F
12561;660620;38;M
12568;560301;44;F
12577;500505;62;F
12586;470130;27;M
12599;560101;44;M
12616;650126;27;F
12625;581207;54;M
12643;620720;69;F
12662;530601;14;M
12695;790316;68;M
12726;450809;8;F
12729;680321;36;M
12730;640929;36;F
12738;601029;23;F
12739;580117;23;M
12750;400525;21;F
12754;600820;55;M
12755;591101;55;F
12756;490121;22;F
12802;690812;1;M
12810;641014;39;M
12840;390727;60;M
12843;530505;66;M
12844;461015;45;M
12850;550826;72;M
12851;570927;72;F
12859;760521;1;F
12890;580120;70;F
12908;410312;12;M
12943;701012;55;M
12986;730508;40;F
12991;470116;51;M
13044;760301;52;M
13051;650113;55;M
13071;560218;41;M
13089;790214;16;F
13090;800418;2;F
13095;500316;76;M
13098;781215;1;F
13102;490415;8;M
13113;761125;11;M
13123;780217;56;F
13134;621103;1;F
13151;581222;73;M
13171;500626;19;F
13172;381019;36;M
13190;561128;71;M
13201;370517;31;M
13231;590701;1;M
13246;420113;46;F
13260;770527;72;F
13261;440801;75;M
13262;380209;75;F
13276;770120;76;M
13285;351225;34;M
13290;410623;16;M
13291;401113;16;F
13346;560415;50;M
13380;420918;65;M
13404;660925;48;M
13405;580813;32;M
13406;780418;42;F
13412;540320;1;M
13417;511117;25;F
13447;700505;13;F
13448;680708;13;M
13451;551118;44;F
13468;601031;25;M
13469;551208;25;F
13480;530601;16;M
13490;690525;18;F
13539;780907;63;M
13548;760318;1;M
13556;580719;32;M
13576;740707;72;M
13588;740129;46;M
13590;770803;59;M
13603;410728;46;M
13608;630515;37;F
13620;700726;16;M
13640;550609;28;F
13657;630512;59;F
13658;570423;59;M
13673;710220;39;M
13687;590523;75;M
13690;630516;70;M
13694;760120;1;F
13750;801113;12;F
13751;790720;12;M
13803;471114;1;M
13820;480731;33;F
13845;730216;15;M
13852;720126;5;M
13886;540412;44;F
13912;751120;50;M
13915;741123;77;M
13921;701220;62;F
13923;790222;7;F
13924;520909;54;F
13931;420101;8;M
13955;451030;1;F
13956;430406;1;M
13968;680413;61;M
13971;621019;67;F
13998;530812;74;F
